ibge_code,year,start_week,peak_week,end_week,duration,total_duration,peak_value
110001,2023,2,4,7,3,6,54
110003,2023,8,10,13,3,6,10
110007,2023,4,5,10,2,7,15
110008,2023,9,9,17,1,9,8
110009,2024,10,11,15,2,6,38
110010,2023,1,4,7,4,7,30
110011,2023,1,2,5,2,5,134
110012,2023,1,3,10,3,10,108
110018,2023,1,6,12,6,12,110
110028,2023,1,3,15,3,15,56
110029,2023,1,2,5,2,5,15
110030,2023,1,4,11,4,11,145
110033,2023,2,5,11,4,10,27
110034,2023,1,3,7,3,7,31
110050,2024,9,11,15,3,7,35
110060,2023,1,7,11,7,11,28
110080,2024,8,11,13,4,6,32
110080,2024,16,19,21,4,6,11
110092,2023,4,10,11,7,8,26
110092,2023,13,13,22,1,10,20
110094,2023,5,11,19,7,15,12
110094,2024,7,10,12,4,6,20
110110,2023,1,9,13,9,13,25
110130,2023,1,7,9,7,9,14
110145,2024,10,11,17,2,8,6
110146,2023,1,7,9,7,9,10
110146,2024,14,16,19,3,6,12
110147,2023,34,42,43,9,10,9
110160,2023,1,4,7,4,7,14
110175,2023,1,3,5,3,5,9
110175,2024,7,8,12,2,6,47
110180,2023,12,14,17,3,6,6
120005,2023,2,12,14,11,13,50
120005,2024,1,3,5,3,5,67
120010,2023,3,10,11,8,9,42
120010,2023,48,52,52,5,5,166
120010,2024,1,3,5,3,5,128
120013,2023,4,7,10,4,7,40
120017,2023,45,48,51,4,7,61
120025,2023,8,14,18,7,11,23
120025,2024,1,2,6,2,6,130
130002,2023,41,41,52,1,12,26
130090,2024,5,8,10,4,6,60
130120,2024,2,6,9,5,8,97
130130,2024,4,10,14,7,11,85
130150,2024,3,8,12,6,10,47
130170,2023,2,6,9,5,8,80
130180,2023,1,2,9,2,9,55
130210,2023,42,48,52,7,11,90
130210,2024,3,8,10,6,8,66
130230,2023,2,4,9,3,8,57
130230,2023,14,15,24,2,11,48
130230,2023,26,27,31,2,6,26
130230,2024,6,11,12,6,7,37
130230,2024,15,15,21,1,7,30
130240,2023,42,52,52,11,11,81
130240,2024,1,4,9,4,9,89
130420,2023,9,13,22,5,14,51
130423,2023,1,6,11,6,11,96
130423,2024,10,10,17,1,8,29
140015,2023,32,35,39,4,8,42
140047,2024,21,23,27,3,7,17
150030,2023,1,2,10,2,10,34
150030,2024,10,14,20,5,11,29
150060,2024,8,20,21,13,14,82
150070,2024,10,13,17,4,8,26
150085,2024,6,9,12,4,7,90
150125,2024,16,21,21,6,6,12
150140,2024,5,10,17,6,13,882
150145,2024,8,12,19,5,12,102
150210,2024,4,6,14,3,11,53
150240,2024,8,8,16,1,9,60
150260,2024,5,10,16,6,12,27
150276,2023,35,40,46,6,12,14
150280,2024,10,13,16,4,7,32
150304,2023,1,3,7,3,7,20
150320,2024,4,8,12,5,9,37
150345,2024,6,8,11,3,6,21
150380,2023,10,13,15,4,6,21
150475,2024,9,13,15,5,7,15
150480,2024,1,8,9,8,9,286
150520,2024,24,26,27,3,4,33
150555,2024,11,15,24,5,14,24
150565,2024,13,17,20,5,8,15
150600,2024,5,11,18,7,14,105
150619,2024,6,14,22,9,17,32
150710,2024,6,13,20,8,15,19
150715,2024,8,11,18,4,11,22
150720,2024,3,8,14,6,12,34
150746,2024,14,15,19,2,6,7
150760,2024,9,14,16,6,8,28
150835,2023,4,11,15,8,12,21
160015,2023,33,36,38,4,6,31
160020,2024,5,10,10,6,6,145
160027,2023,30,35,41,6,12,32
160027,2024,8,9,16,2,9,138
160030,2024,6,10,27,5,22,280
160040,2024,13,14,19,2,7,9
160050,2024,1,7,10,7,10,165
160053,2024,9,17,17,9,9,27
160053,2024,19,26,27,8,9,39
160060,2024,6,14,22,9,17,108
160070,2024,2,9,13,8,12,60
170240,2024,10,14,20,5,11,36
170270,2024,9,11,16,3,8,11
170370,2024,9,11,16,3,8,38
170550,2024,10,13,19,4,10,40
170700,2023,12,21,25,10,14,36
171150,2024,10,10,15,1,6,2
171575,2024,6,16,23,11,18,40
171865,2024,11,20,25,10,15,23
172025,2024,9,10,15,2,7,3
172090,2024,12,15,22,4,11,26
172130,2024,23,25,27,3,5,5
210055,2024,9,14,16,6,8,9
210100,2023,1,3,4,3,4,14
210130,2024,12,14,17,3,6,27
210180,2024,7,12,14,6,8,14
210200,2024,13,17,19,5,7,15
210232,2024,11,13,19,3,9,54
210235,2024,9,12,18,4,10,21
210350,2024,8,14,14,7,7,90
210375,2024,8,10,16,3,9,24
210430,2024,15,17,20,3,6,5
210440,2024,8,15,18,8,11,20
210460,2023,11,17,17,7,7,32
210465,2024,13,16,21,4,9,12
210545,2024,9,15,16,7,8,112
210632,2024,12,12,17,1,6,14
210690,2024,2,4,12,3,11,31
210700,2024,13,16,19,4,7,11
210730,2024,18,21,23,4,6,3
210800,2024,10,18,22,9,13,70
210820,2023,5,9,14,5,10,30
210980,2023,5,7,14,3,10,68
210990,2024,8,10,15,3,8,44
211105,2024,12,15,17,4,6,24
211110,2024,6,12,18,7,13,63
211150,2024,7,11,14,5,8,68
211180,2023,15,21,21,7,7,16
211180,2024,7,8,12,2,6,26
211190,2024,15,17,20,3,6,28
211195,2024,8,14,16,7,9,21
211220,2024,9,12,15,4,7,73
211285,2024,8,11,18,4,11,39
220025,2024,17,27,27,11,11,19
220045,2024,6,12,15,7,10,17
220045,2024,17,21,24,5,8,15
220050,2024,15,17,23,3,9,19
220060,2024,16,18,21,3,6,10
220080,2024,14,16,19,3,6,55
220190,2024,2,8,18,7,17,1490
220192,2024,7,17,23,11,17,25
220213,2024,7,9,12,3,6,13
220245,2024,13,17,20,5,8,5
220271,2024,19,23,27,5,9,6
220290,2024,12,17,23,6,12,35
220310,2024,11,18,18,8,8,15
220323,2024,1,8,18,8,18,50
220380,2024,13,19,19,7,7,13
220440,2024,14,16,22,3,9,28
220510,2024,19,21,24,3,6,20
220570,2023,14,16,19,3,6,57
220760,2024,7,10,15,4,9,23
220870,2024,4,8,14,5,11,29
220975,2024,19,21,25,3,7,6
230060,2024,14,22,26,9,13,31
230205,2024,12,18,21,7,10,14
230250,2023,10,13,22,4,13,103
230250,2024,5,15,19,11,15,244
230465,2024,14,16,21,3,8,29
230490,2023,7,13,13,7,7,30
230670,2023,17,19,22,3,6,37
230690,2023,7,19,24,13,18,107
230725,2024,17,19,27,3,11,15
230780,2023,16,21,27,6,12,19
231060,2024,15,16,21,2,7,30
231110,2023,17,24,26,8,10,17
231110,2023,28,30,35,3,8,20
231110,2024,9,14,16,6,8,51
231110,2024,18,19,24,2,7,45
231123,2024,19,22,27,4,9,9
231330,2024,18,19,27,2,10,27
231340,2023,16,21,29,6,14,73
231370,2024,18,22,27,5,10,12
240040,2023,24,26,31,3,8,6
240270,2024,8,14,19,7,12,20
240290,2023,1,5,10,5,10,7
240325,2024,8,10,17,3,10,462
240490,2024,8,14,19,7,12,27
240600,2024,9,11,14,3,6,7
240690,2024,10,10,17,1,8,5
240700,2024,7,14,17,8,11,33
240980,2024,10,12,15,3,6,37
240990,2024,8,12,15,5,8,33
241020,2024,9,18,20,10,12,10
241060,2024,13,14,19,2,7,4
241100,2024,10,14,15,5,6,12
241240,2023,14,16,19,3,6,7
241250,2023,1,7,9,7,9,49
241280,2024,16,20,25,5,10,14
241360,2024,15,19,21,5,7,11
241410,2024,11,14,16,4,6,5
241420,2024,9,10,15,2,7,24
250140,2024,8,15,15,8,8,12
250160,2024,17,23,27,7,11,36
250205,2024,16,17,22,2,7,25
250230,2024,8,10,14,3,7,15
250240,2024,9,14,14,6,6,20
250900,2023,8,15,26,8,19,37
251060,2023,14,18,22,5,9,7
251140,2023,10,11,15,2,6,11
251140,2023,19,22,26,4,8,14
251203,2024,9,16,17,8,9,61
251394,2024,21,24,26,4,6,2
251410,2024,10,14,15,5,6,3
251530,2024,7,8,13,2,7,37
251670,2023,3,7,10,5,8,33
260070,2024,10,11,16,2,7,32
260080,2024,9,10,16,2,8,17
260130,2024,17,21,24,5,8,24
260280,2024,9,17,24,9,16,66
260300,2024,23,23,27,1,5,17
260430,2024,14,20,22,7,9,26
260460,2024,8,11,14,4,7,18
260530,2023,6,11,17,6,12,19
260590,2024,21,25,26,5,6,59
260600,2024,7,17,23,11,17,210
260780,2024,8,10,13,3,6,36
260805,2024,20,23,25,4,6,16
260960,2024,10,12,16,3,7,146
260980,2024,18,22,24,5,7,7
261050,2024,9,16,22,8,14,30
261070,2024,8,12,16,5,9,258
261280,2024,13,14,22,2,10,36
261320,2024,13,19,21,7,9,34
261360,2024,12,15,17,4,6,22
261400,2024,19,21,25,3,7,9
261440,2024,14,18,21,5,8,16
261460,2024,10,18,18,9,9,22
261510,2024,15,23,25,9,11,31
261590,2024,9,12,20,4,12,15
270010,2024,24,27,27,4,4,12
270040,2024,9,10,16,2,8,30
270100,2023,24,28,30,5,7,21
270260,2024,9,15,27,7,19,49
270360,2024,9,17,19,9,11,21
270375,2024,15,17,21,3,7,7
270450,2024,8,12,16,5,9,38
270450,2024,20,25,26,6,7,51
270630,2024,13,16,18,4,6,44
270690,2024,19,24,27,6,9,40
270780,2024,20,25,26,6,7,11
270800,2024,19,25,27,7,9,19
270895,2024,10,12,15,3,6,13
280150,2023,23,28,30,6,8,11
290010,2024,13,21,23,9,11,32
290020,2024,9,14,17,6,9,199
290035,2024,5,10,13,6,9,20
290040,2024,7,14,20,8,14,35
290060,2023,16,20,22,5,7,21
290070,2023,26,29,31,4,6,92
290080,2024,5,10,14,6,10,70
290110,2024,8,11,18,4,11,76
290115,2023,16,19,21,4,6,10
290115,2023,23,25,28,3,6,10
290115,2024,6,14,19,9,14,114
290120,2024,4,11,17,8,14,80
290130,2024,8,10,15,3,8,14
290140,2024,8,12,14,5,7,14
290150,2024,6,9,12,4,7,8
290170,2024,8,10,14,3,7,23
290190,2024,9,13,18,5,10,9
290200,2024,6,15,19,10,14,74
290210,2024,8,20,21,13,14,60
290240,2024,10,18,22,9,13,15
290250,2024,8,13,15,6,8,63
290270,2024,6,14,18,9,13,47
290280,2023,4,18,20,15,17,66
290290,2024,6,14,20,9,15,1132
290300,2024,5,12,18,8,14,88
290310,2024,7,21,23,15,17,23
290323,2024,8,15,18,8,11,80
290327,2024,7,10,15,4,9,37
290340,2023,2,4,7,3,6,146
290350,2024,9,19,23,11,15,97
290360,2024,8,12,16,5,9,142
290370,2024,7,14,20,8,14,49
290390,2024,6,14,17,9,12,417
290395,2024,8,14,19,7,12,203
290400,2024,8,15,20,8,13,167
290405,2024,2,6,18,5,17,716
290410,2023,5,5,10,1,6,12
290410,2024,8,11,17,4,10,26
290420,2024,5,15,19,11,15,152
290430,2024,3,8,12,6,10,83
290440,2023,9,12,14,4,6,26
290440,2024,6,12,16,7,11,38
290450,2024,13,16,19,4,7,10
290460,2024,8,12,20,5,13,160
290470,2023,2,7,10,6,9,16
290475,2024,7,12,15,6,9,86
290480,2024,8,14,20,7,13,50
290485,2024,8,12,17,5,10,73
290490,2024,11,11,17,1,7,26
290500,2024,6,18,23,13,18,173
290515,2024,8,16,21,9,14,73
290520,2024,6,13,18,8,13,1269
290530,2024,8,12,17,5,10,80
290550,2024,10,19,24,10,15,71
290590,2023,10,13,15,4,6,18
290600,2024,4,9,21,6,18,85
290610,2024,5,7,12,3,8,58
290640,2024,9,12,15,4,7,9
290670,2024,8,15,22,8,15,256
290685,2024,16,19,27,4,12,17
290687,2024,8,15,21,8,14,191
290689,2024,6,16,22,11,17,52
290690,2024,8,12,13,5,6,42
290710,2024,6,16,21,11,16,268
290730,2024,8,14,18,7,11,20
290755,2024,6,13,18,8,13,34
290770,2024,6,10,13,5,8,37
290780,2024,9,11,22,3,14,21
290800,2024,8,11,17,4,10,101
290810,2023,15,19,22,5,8,51
290810,2024,5,15,16,11,12,223
290830,2024,9,18,21,10,13,25
290850,2024,7,12,16,6,10,231
290860,2024,8,11,14,4,7,34
290870,2024,4,13,18,10,15,244
290900,2024,9,19,20,11,12,14
290910,2024,6,14,18,9,13,62
290930,2024,6,13,17,8,12,174
290940,2024,8,11,14,4,7,53
290960,2023,22,25,28,4,7,8
290960,2024,9,10,15,2,7,23
290970,2024,8,11,16,4,9,20
290990,2024,10,16,18,7,9,20
291010,2024,11,15,17,5,7,8
291030,2024,16,20,21,5,6,14
291040,2024,1,13,18,13,18,62
291060,2024,14,17,21,4,8,24
291072,2023,1,5,13,5,13,266
291075,2024,8,10,13,3,6,24
291077,2024,4,13,15,10,12,29
291080,2024,8,14,21,7,14,610
291090,2024,15,18,20,4,6,8
291165,2024,11,17,19,7,9,57
291170,2024,5,14,21,10,17,474
291180,2023,1,3,6,3,6,17
291180,2024,12,12,18,1,7,13
291200,2023,5,11,11,7,7,12
291200,2024,5,9,13,5,9,76
291220,2024,4,17,21,14,18,232
291230,2023,9,11,15,3,7,70
291230,2024,8,12,18,5,11,43
291240,2024,8,10,14,3,7,51
291250,2023,2,6,8,5,7,43
291250,2024,9,15,19,7,11,60
291290,2023,8,20,20,13,13,25
291300,2024,5,14,18,10,14,94
291320,2024,8,11,21,4,14,78
291330,2024,9,19,22,11,14,25
291340,2024,5,7,16,3,12,22
291345,2024,12,16,17,5,6,18
291350,2024,12,14,20,3,9,8
291360,2023,5,10,12,6,8,58
291360,2024,9,21,26,13,18,195
291380,2024,8,10,15,3,8,52
291400,2024,8,16,24,9,17,74
291440,2023,9,16,20,8,12,109
291440,2024,14,16,19,3,6,71
291460,2024,8,16,23,9,16,278
291470,2024,7,11,21,5,15,261
291490,2024,7,12,14,6,8,33
291500,2024,6,10,12,5,7,20
291510,2023,9,18,27,10,19,21
291520,2023,4,4,12,1,9,8
291520,2024,7,12,16,6,10,57
291530,2023,16,21,24,6,9,21
291535,2024,12,15,22,4,11,18
291560,2024,9,17,18,9,10,141
291570,2024,14,20,21,7,8,34
291580,2024,8,17,21,10,14,147
291620,2023,4,13,15,10,12,24
291630,2023,1,2,7,2,7,18
291630,2024,8,11,14,4,7,24
291640,2024,7,10,19,4,13,116
291670,2024,8,12,17,5,10,9
291720,2023,26,32,32,7,7,20
291733,2024,6,14,20,9,15,109
291735,2024,8,11,15,4,8,54
291740,2023,49,52,52,4,4,28
291740,2024,1,8,13,8,13,244
291750,2024,8,15,18,8,11,97
291760,2024,8,16,23,9,16,57
291770,2023,16,22,23,7,8,19
291790,2023,11,13,19,3,9,38
291835,2024,12,21,25,10,14,27
291840,2024,8,16,20,9,13,201
291845,2024,8,11,15,4,8,43
291850,2024,8,16,22,9,15,129
291855,2024,4,9,14,6,11,25
291860,2024,12,17,22,6,11,60
291875,2023,15,17,21,3,7,20
291875,2024,14,17,19,4,6,41
291880,2024,9,16,18,8,10,18
291890,2024,5,8,12,4,8,31
291910,2024,8,12,18,5,11,14
291915,2024,14,17,20,4,7,29
291930,2023,2,8,15,7,14,51
291940,2024,7,11,19,5,13,77
291950,2023,2,4,12,3,11,79
291950,2024,8,16,21,9,14,235
291955,2024,5,11,12,7,8,231
291955,2024,14,14,20,1,7,150
291980,2024,4,10,16,7,13,176
291990,2024,5,11,18,7,14,35
291995,2024,9,10,20,2,12,19
292000,2024,8,14,15,7,8,25
292010,2024,5,9,15,5,11,142
292020,2024,8,9,17,2,10,31
292030,2024,12,21,25,10,14,44
292040,2024,4,8,18,5,15,34
292050,2024,8,15,17,8,10,47
292070,2024,6,19,21,14,16,292
292080,2024,8,9,13,2,6,6
292105,2024,6,9,16,4,11,59
292110,2023,1,6,7,6,7,51
292120,2024,6,15,20,10,15,185
292130,2024,19,19,26,1,8,68
292145,2024,9,14,20,6,12,16
292170,2023,13,15,24,3,12,58
292170,2024,2,11,19,10,18,335
292180,2024,4,10,18,7,15,64
292190,2024,4,10,14,7,11,26
292200,2024,6,10,17,5,12,43
292230,2024,8,13,16,6,9,86
292240,2024,10,14,16,5,7,15
292265,2024,21,24,26,4,6,13
292273,2024,12,15,19,4,8,76
292275,2024,16,19,22,4,7,5
292285,2023,11,15,16,5,6,5
292285,2024,8,10,14,3,7,23
292300,2024,5,6,10,2,6,71
292303,2023,13,25,29,13,17,69
292303,2024,4,8,23,5,20,183
292335,2024,12,15,22,4,11,49
292340,2024,7,15,22,9,16,73
292350,2024,8,17,23,10,16,31
292360,2023,8,13,14,6,7,31
292360,2024,9,14,18,6,10,138
292370,2024,10,14,18,5,9,87
292380,2024,8,12,20,5,13,59
292405,2024,9,9,22,1,14,12
292410,2024,9,9,14,1,6,12
292430,2023,44,50,51,7,8,19
292430,2024,3,14,23,12,21,56
292450,2024,6,18,21,13,16,167
292465,2024,16,18,24,3,9,9
292470,2023,1,2,4,2,4,43
292470,2023,49,50,52,2,4,63
292470,2024,1,6,11,6,11,143
292480,2024,5,10,16,6,12,116
292500,2024,6,15,24,10,19,748
292510,2024,11,14,23,4,13,106
292525,2024,12,19,25,8,14,16
292530,2023,11,14,16,4,6,97
292530,2024,7,11,14,5,8,208
292550,2024,8,12,17,5,10,31
292560,2024,10,17,23,8,14,80
292570,2024,5,12,17,8,13,193
292593,2024,4,11,15,8,12,144
292610,2024,8,19,23,12,16,37
292640,2024,8,11,19,4,12,328
292660,2024,9,9,14,1,6,32
292665,2024,10,18,23,9,14,20
292670,2024,8,16,23,9,16,101
292680,2024,8,12,17,5,10,13
292690,2024,8,9,18,2,11,19
292710,2023,17,27,34,11,18,56
292740,2023,22,24,30,3,9,619
292750,2024,8,10,17,3,10,76
292800,2024,6,10,27,5,22,44
292810,2024,6,16,18,11,13,226
292820,2024,8,16,21,9,14,166
292840,2024,8,11,20,4,13,70
292870,2023,15,24,28,10,14,187
292870,2024,8,14,25,7,18,517
292890,2024,7,15,17,9,11,54
292895,2024,11,23,27,13,17,65
292905,2024,14,16,20,3,7,52
292910,2024,8,19,24,12,17,55
292925,2024,8,16,21,9,14,134
292930,2024,9,9,14,1,6,44
292937,2024,7,9,23,3,17,41
292940,2024,7,14,21,8,15,19
292960,2024,8,15,21,8,14,35
292980,2024,11,14,16,4,6,38
292990,2024,8,15,20,8,13,300
293000,2024,10,11,20,2,11,28
293010,2024,15,17,20,3,6,27
293030,2024,6,17,17,12,12,27
293050,2024,5,12,17,8,13,974
293060,2024,7,20,22,14,16,83
293075,2024,11,14,16,4,6,36
293077,2024,16,17,24,2,9,50
293080,2024,9,12,20,4,12,66
293090,2024,8,9,13,2,6,25
293105,2023,47,51,52,5,6,14
293105,2024,8,11,13,4,6,12
293110,2024,7,9,12,3,6,20
293130,2024,5,8,12,4,8,104
293135,2024,7,11,17,5,11,490
293140,2023,30,36,36,7,7,12
293160,2024,9,11,16,3,8,60
293180,2024,5,20,21,16,17,83
293210,2024,12,16,18,5,7,57
293230,2024,11,12,16,2,6,6
293260,2024,15,19,21,5,7,41
293270,2023,4,16,20,13,17,53
293270,2024,10,20,23,11,14,98
293290,2024,14,16,21,3,8,616
293305,2024,7,9,18,3,12,86
293310,2024,8,16,16,9,9,33
293315,2024,13,15,20,3,8,58
293317,2024,8,13,15,6,8,74
293320,2023,28,30,33,3,6,32
293320,2024,8,11,16,4,9,56
293330,2024,4,15,21,12,18,3093
293345,2024,16,20,21,5,6,27
293360,2024,8,9,17,2,10,44
310010,2023,2,11,17,10,16,73
310020,2023,2,8,17,7,16,81
310020,2024,6,12,15,7,10,64
310030,2023,10,18,23,9,14,25
310030,2024,4,12,12,9,9,70
310030,2024,14,14,19,1,6,95
310040,2023,10,19,20,10,11,27
310040,2024,2,8,13,7,12,113
310050,2023,13,17,21,5,9,4
310050,2024,2,10,20,9,19,67
310060,2024,5,12,18,8,14,358
310070,2024,8,20,23,13,16,35
310080,2024,2,11,14,10,13,144
310090,2023,2,7,12,6,11,64
310090,2023,19,20,24,2,6,27
310090,2024,8,15,21,8,14,64
310100,2024,8,14,15,7,8,17
310110,2023,15,20,21,6,7,10
310110,2024,9,11,18,3,10,37
310120,2024,5,12,22,8,18,12
310140,2024,6,20,22,15,17,6
310150,2023,43,50,52,8,10,122
310150,2024,1,9,15,9,15,221
310160,2024,4,15,22,12,19,1242
310163,2024,5,13,21,9,17,76
310170,2024,8,11,14,4,7,49
310180,2023,3,13,16,11,14,8
310180,2024,1,9,10,9,10,40
310190,2024,5,15,22,11,18,94
310200,2023,11,15,17,5,7,36
310200,2024,4,12,20,9,17,175
310205,2024,2,7,8,6,7,8
310205,2024,10,11,20,2,11,28
310210,2023,11,17,21,7,11,29
310210,2024,4,15,21,12,18,53
310220,2023,7,12,17,6,11,63
310230,2023,10,16,20,7,11,96
310230,2024,2,8,14,7,13,139
310240,2024,2,10,17,9,16,80
310250,2023,7,12,17,6,11,19
310260,2024,5,13,22,9,18,580
310270,2024,6,15,17,10,12,59
310280,2024,3,16,22,14,20,56
310285,2024,5,14,21,10,17,90
310290,2024,4,15,22,12,19,188
310300,2023,44,52,52,9,9,38
310320,2023,9,9,15,1,7,5
310320,2024,2,7,14,6,13,15
310330,2024,6,20,23,15,18,33
310340,2023,5,13,19,9,15,91
310340,2024,3,13,20,11,18,260
310350,2023,14,21,24,8,11,196
310350,2024,2,12,21,11,20,890
310360,2024,4,10,14,7,11,62
310370,2024,14,16,20,3,7,11
310375,2024,14,19,22,6,9,40
310380,2024,3,11,18,9,16,232
310390,2023,6,19,23,14,18,108
310390,2024,2,10,14,9,13,147
310400,2023,12,17,21,6,10,116
310400,2024,2,12,20,11,19,901
310410,2023,45,51,52,7,8,60
310410,2024,1,5,6,5,6,37
310420,2024,4,12,17,9,14,330
310430,2024,1,8,11,8,11,299
310445,2024,9,13,20,5,12,27
310450,2024,1,6,12,6,12,93
310460,2024,1,8,10,8,10,31
310470,2024,6,9,16,4,11,30
310480,2024,3,11,17,9,15,46
310490,2024,8,17,22,10,15,123
310500,2024,1,4,14,4,14,113
310510,2024,3,17,23,15,21,163
310530,2024,6,20,24,15,19,16
310540,2023,11,17,21,7,11,74
310540,2024,1,3,6,3,6,419
310540,2024,9,9,16,1,8,436
310550,2023,1,3,8,3,8,38
310560,2024,4,15,23,12,20,1049
310570,2023,8,12,19,5,12,52
310590,2023,49,52,52,4,4,101
310590,2024,1,8,12,8,12,415
310600,2023,11,15,21,5,11,24
310600,2024,3,10,15,8,13,258
310610,2024,7,15,23,9,17,43
310620,2024,2,10,17,9,16,20858
310630,2024,1,6,12,6,12,335
310640,2024,4,11,19,8,16,146
310650,2023,41,43,48,3,8,10
310650,2024,1,10,12,10,12,127
310660,2024,8,14,17,7,10,20
310665,2024,10,11,22,2,13,6
310670,2023,12,16,16,5,5,854
310670,2024,3,11,17,9,15,4309
310680,2024,9,13,16,5,8,49
310690,2023,9,15,23,7,15,44
310690,2024,5,12,20,8,16,90
310700,2023,3,6,16,4,14,38
310700,2024,14,17,20,4,7,20
310710,2023,12,15,22,4,11,399
310710,2024,4,24,26,21,23,2367
310730,2023,6,9,12,4,7,206
310730,2023,45,51,52,7,8,387
310740,2023,9,13,16,5,8,100
310740,2024,1,9,17,9,17,678
310750,2024,5,19,23,15,19,61
310760,2023,6,13,17,8,12,16
310760,2024,10,15,20,6,11,25
310770,2024,4,11,13,8,10,81
310780,2023,17,19,24,3,8,10
310780,2024,1,12,17,12,17,46
310790,2024,15,20,22,6,8,8
310800,2023,17,17,20,1,4,51
310800,2024,3,15,19,13,17,927
310810,2023,13,19,22,7,10,44
310810,2024,1,14,16,14,16,108
310820,2023,6,16,18,11,13,64
310820,2024,5,10,12,6,8,67
310825,2023,1,5,7,5,7,52
310825,2024,7,10,17,4,11,45
310830,2024,3,16,22,14,20,85
310840,2024,4,15,22,12,19,188
310850,2023,9,11,16,3,8,12
310850,2024,4,13,18,10,15,81
310855,2023,3,12,14,10,12,105
310860,2024,2,9,16,8,15,299
310870,2024,4,5,9,2,6,7
310870,2024,11,17,22,7,12,23
310890,2024,3,16,23,14,21,98
310900,2024,1,8,16,8,16,1108
310910,2024,8,19,24,12,17,63
310920,2024,2,8,11,7,10,89
310925,2023,12,15,15,4,4,27
310925,2024,3,5,12,3,10,42
310930,2023,44,51,52,8,9,222
310930,2024,1,9,13,9,13,680
310940,2023,7,11,15,5,9,137
310940,2024,6,12,12,7,7,123
310945,2023,20,21,26,2,7,16
310945,2024,2,7,8,6,7,27
310950,2024,1,14,18,14,18,19
310960,2023,14,16,19,3,6,10
310960,2024,2,8,8,7,7,43
310970,2024,7,12,21,6,15,216
310990,2023,2,7,19,6,18,78
310990,2024,6,11,18,6,13,69
311000,2024,4,12,18,9,15,627
311010,2023,15,17,21,3,7,7
311010,2024,3,6,10,4,8,36
311020,2023,18,22,22,5,5,9
311020,2024,7,13,20,7,14,89
311030,2024,7,21,24,15,18,45
311040,2024,3,12,15,10,13,54
311050,2024,15,19,22,5,8,22
311060,2024,8,20,22,13,15,62
311070,2023,13,15,18,3,6,6
311070,2024,5,16,22,12,18,87
311080,2024,5,9,15,5,11,33
311090,2024,4,15,21,12,18,374
311100,2024,7,20,23,14,17,60
311110,2023,4,9,19,6,16,51
311115,2024,7,11,13,5,7,10
311115,2024,15,17,20,3,6,15
311120,2024,2,10,15,9,14,931
311130,2024,6,11,13,6,8,234
311150,2023,11,19,23,9,13,64
311150,2024,6,12,21,7,16,135
311160,2024,4,11,16,8,13,134
311170,2024,8,18,23,11,16,20
311180,2024,14,17,23,4,10,246
311190,2023,15,15,20,1,6,18
311190,2024,1,5,15,5,15,176
311200,2024,1,10,15,10,15,718
311205,2024,5,8,14,4,10,72
311210,2023,11,15,17,5,7,8
311210,2024,5,9,11,5,7,41
311210,2024,14,20,23,7,10,29
311220,2024,6,9,20,4,15,37
311230,2024,4,13,21,10,18,543
311240,2023,15,19,21,5,7,24
311240,2024,4,13,22,10,19,129
311250,2024,1,4,12,4,12,141
311260,2023,3,9,15,7,13,83
311260,2024,4,9,11,6,8,39
311260,2024,14,18,22,5,9,56
311265,2023,9,20,20,12,12,8
311265,2023,39,42,48,4,10,24
311270,2024,9,16,18,8,10,42
311280,2023,2,14,21,13,20,106
311290,2024,5,11,17,7,13,81
311300,2023,11,16,16,6,6,25
311300,2024,5,19,23,15,19,63
311310,2024,1,12,21,12,21,27
311320,2024,5,15,21,11,17,276
311330,2023,13,20,23,8,11,22
311330,2024,2,10,15,9,14,146
311340,2023,9,13,16,5,8,59
311340,2024,3,9,12,7,10,919
311350,2024,3,12,16,10,14,335
311360,2024,7,14,17,8,11,140
311370,2023,1,6,13,6,13,167
311380,2024,2,10,12,9,11,22
311390,2024,3,10,19,8,17,78
311400,2023,10,19,22,10,13,79
311400,2024,2,12,18,11,17,223
311410,2024,8,14,21,7,14,173
311420,2023,9,19,21,11,13,78
311420,2024,1,9,13,9,13,350
311430,2023,13,17,22,5,10,62
311430,2023,49,52,52,4,4,89
311430,2024,1,9,17,9,17,696
311440,2023,6,14,22,9,17,111
311440,2024,7,15,21,9,15,154
311450,2024,3,9,18,7,16,279
311455,2023,15,17,21,3,7,36
311455,2024,17,19,22,3,6,25
311460,2024,6,12,23,7,18,21
311470,2024,11,18,22,8,12,10
311480,2024,4,10,16,7,13,53
311490,2024,5,13,15,9,11,29
311500,2023,13,20,22,8,10,10
311500,2024,3,13,16,11,14,45
311510,2023,13,17,22,5,10,97
311510,2024,5,15,19,11,15,449
311520,2024,2,12,17,11,16,42
311530,2023,48,52,52,5,5,79
311530,2024,1,3,12,3,12,290
311535,2024,1,6,12,6,12,193
311540,2024,4,13,19,10,16,58
311545,2023,9,21,22,13,14,17
311545,2024,7,14,17,8,11,27
311547,2024,13,14,21,2,9,20
311550,2024,4,15,21,12,18,343
311560,2023,11,12,19,2,9,8
311560,2024,1,5,12,5,12,23
311570,2024,5,12,14,8,10,73
311580,2023,1,10,11,10,11,33
311580,2024,11,21,24,11,14,63
311590,2024,9,16,21,8,13,13
311600,2024,7,16,19,10,13,39
311610,2023,6,12,15,7,10,18
311610,2024,2,12,18,11,17,82
311615,2024,4,12,20,9,17,244
311620,2023,42,47,50,6,9,66
311630,2024,4,13,18,10,15,97
311640,2024,9,22,22,14,14,64
311650,2024,4,9,14,6,11,112
311660,2023,12,18,21,7,10,87
311660,2024,3,12,19,10,17,448
311670,2023,15,17,20,3,6,20
311670,2024,4,12,23,9,20,57
311680,2024,4,15,18,12,15,124
311700,2024,5,15,17,11,13,32
311710,2023,10,17,24,8,15,28
311710,2024,5,12,18,8,14,120
311720,2024,8,13,13,6,6,6
311720,2024,16,20,21,5,6,11
311730,2023,11,19,22,9,12,62
311730,2024,18,19,24,2,7,48
311750,2024,2,8,15,7,14,393
311760,2023,9,19,21,11,13,22
311760,2024,5,12,17,8,13,64
311770,2024,9,16,22,8,14,426
311780,2024,5,12,17,8,13,268
311783,2024,4,9,13,6,10,106
311787,2023,11,11,17,1,7,13
311787,2023,19,20,24,2,6,9
311787,2024,2,6,12,5,11,143
311790,2024,4,17,23,14,20,42
311800,2023,9,15,23,7,15,268
311800,2024,8,15,23,8,16,669
311810,2024,2,5,12,4,11,64
311820,2023,16,16,22,1,7,50
311820,2024,7,15,21,9,15,53
311830,2024,1,12,17,12,17,4070
311840,2023,6,10,14,5,9,42
311840,2024,6,11,17,6,12,216
311860,2024,2,10,17,9,16,7271
311870,2023,8,15,20,8,13,49
311870,2024,10,16,22,7,13,91
311890,2023,48,51,52,4,5,28
311890,2024,1,6,11,6,11,82
311900,2024,7,19,19,13,13,46
311910,2023,7,13,16,7,10,268
311910,2024,4,11,17,8,14,290
311920,2024,3,8,18,6,16,17
311930,2023,7,15,21,9,15,250
311930,2023,49,52,52,4,4,144
311930,2024,1,5,15,5,15,257
311940,2024,2,4,12,3,11,701
311950,2024,2,11,14,10,13,125
311960,2024,3,8,20,6,18,39
311970,2024,2,10,16,9,15,81
311980,2024,3,8,16,6,14,18
311990,2024,15,18,20,4,6,3
311995,2024,1,12,15,12,15,153
312000,2023,2,7,14,6,13,37
312010,2023,44,50,52,7,9,78
312010,2024,1,6,9,6,9,83
312015,2024,6,8,13,3,8,6
312020,2024,4,11,16,8,13,428
312030,2024,6,14,17,9,12,49
312040,2024,4,14,22,11,19,91
312050,2024,5,14,22,10,18,37
312060,2023,17,20,22,4,6,26
312060,2024,3,10,16,8,14,165
312070,2023,11,16,22,6,12,38
312070,2024,11,14,16,4,6,23
312080,2024,6,16,21,11,16,339
312083,2023,8,14,16,7,9,24
312083,2024,6,10,13,5,8,276
312087,2024,7,17,17,11,11,35
312090,2024,1,3,8,3,8,418
312100,2024,1,5,19,5,19,62
312110,2024,5,16,17,12,13,9
312120,2023,45,46,52,2,8,30
312120,2024,1,7,11,7,11,131
312125,2023,12,16,17,5,6,60
312130,2023,13,17,18,5,6,33
312130,2024,10,19,21,10,12,30
312140,2023,15,16,18,2,4,4
312140,2024,4,15,16,12,13,105
312160,2024,2,9,17,8,16,653
312170,2024,4,10,10,7,7,14
312180,2024,1,2,5,2,5,198
312190,2024,11,16,22,6,12,11
312200,2023,9,17,22,9,14,95
312200,2024,7,13,23,7,17,110
312210,2023,7,12,17,6,11,12
312210,2024,3,10,16,8,14,24
312220,2023,11,13,23,3,13,10
312220,2024,5,12,21,8,17,58
312230,2023,9,15,21,7,13,879
312230,2024,3,9,19,7,17,1259
312240,2024,4,12,13,9,10,78
312245,2024,7,10,12,4,6,6
312247,2023,5,12,17,8,13,12
312247,2024,4,11,16,8,13,50
312250,2023,3,9,15,7,13,29
312250,2024,2,3,7,2,6,57
312260,2024,3,13,17,11,15,73
312270,2023,8,15,20,8,13,49
312270,2024,5,16,19,12,15,32
312280,2024,11,17,22,7,12,17
312290,2024,1,8,14,8,14,29
312300,2024,1,10,16,10,16,303
312310,2024,1,8,15,8,15,38
312320,2023,11,20,22,10,12,36
312320,2024,1,9,13,9,13,131
312330,2024,13,15,20,3,8,6
312340,2024,2,11,12,10,11,9
312350,2023,1,6,11,6,11,40
312352,2023,11,15,22,5,12,30
312352,2024,3,11,20,9,18,78
312360,2024,6,17,22,12,17,306
312370,2023,2,7,12,6,11,45
312370,2024,4,9,13,6,10,94
312380,2023,6,12,14,7,9,47
312380,2024,2,2,8,1,7,31
312385,2023,8,12,13,5,6,35
312390,2024,2,12,18,11,17,248
312400,2024,5,12,12,8,8,72
312410,2024,4,10,18,7,15,286
312420,2023,12,17,24,6,13,56
312420,2024,2,8,14,7,13,468
312440,2024,7,21,23,15,17,15
312450,2024,10,17,22,8,13,27
312460,2024,6,11,15,6,10,22
312470,2023,42,47,52,6,11,42
312480,2023,6,17,21,12,16,31
312500,2024,2,12,17,11,16,51
312510,2024,3,11,20,9,18,185
312520,2023,14,16,21,3,8,4
312520,2024,5,18,19,14,15,34
312530,2023,17,17,22,1,6,6
312530,2024,3,8,11,6,9,8
312540,2024,5,15,17,11,13,15
312550,2024,1,5,12,5,12,131
312560,2023,47,51,52,5,6,23
312560,2024,1,10,16,10,16,172
312570,2023,48,52,52,5,5,98
312570,2024,1,2,12,2,12,163
312580,2024,2,12,14,11,13,18
312590,2023,15,21,25,7,11,39
312590,2023,44,52,52,9,9,91
312590,2024,1,6,12,6,12,84
312595,2023,8,14,18,7,11,39
312595,2024,7,15,18,9,12,59
312600,2024,2,11,16,10,15,280
312610,2024,3,12,18,10,16,837
312620,2023,14,25,27,12,14,112
312620,2024,4,10,14,7,11,260
312630,2023,7,13,19,7,13,53
312640,2024,1,4,10,4,10,33
312650,2024,5,11,17,7,13,164
312660,2024,1,5,10,5,10,73
312670,2023,5,7,12,3,8,58
312670,2024,8,12,17,5,10,140
312675,2023,11,15,17,5,7,6
312675,2023,45,50,52,6,8,38
312675,2024,1,8,15,8,15,45
312680,2024,5,9,12,5,8,22
312690,2023,5,9,11,5,7,10
312690,2024,7,10,12,4,6,20
312700,2023,17,22,23,6,7,35
312700,2023,38,45,52,8,15,113
312700,2024,1,4,4,4,4,51
312705,2024,4,10,21,7,18,6
312707,2024,4,8,17,5,14,43
312710,2023,10,16,22,7,13,410
312720,2024,3,5,12,3,10,45
312733,2024,7,10,17,4,11,26
312735,2023,47,49,52,3,6,34
312735,2024,5,5,10,1,6,12
312738,2024,1,5,6,5,6,36
312738,2024,8,14,22,7,15,98
312740,2024,8,10,13,3,6,5
312750,2024,6,15,19,10,14,25
312760,2024,1,5,11,5,11,243
312770,2023,5,7,16,3,12,221
312770,2024,6,10,14,5,9,574
312780,2023,6,7,14,2,9,24
312780,2024,5,12,17,8,13,90
312800,2023,9,12,17,4,9,22
312800,2024,4,12,19,9,16,235
312810,2023,10,17,23,8,14,61
312810,2024,7,12,17,6,11,295
312820,2023,9,11,12,3,4,10
312820,2024,8,15,20,8,13,272
312825,2023,7,10,12,4,6,57
312825,2023,46,50,51,5,6,27
312830,2024,8,12,17,5,10,260
312850,2023,36,37,43,2,8,36
312870,2023,14,16,23,3,10,88
312870,2024,2,12,17,11,16,1110
312880,2024,8,12,18,5,11,24
312890,2023,11,15,19,5,9,44
312900,2024,7,11,19,5,13,65
312910,2024,10,16,20,7,11,48
312920,2024,10,13,21,4,12,29
312930,2023,4,9,17,6,14,11
312930,2024,2,5,8,4,7,96
312940,2024,5,16,22,12,18,81
312950,2023,14,20,25,7,12,75
312950,2024,4,15,20,12,17,368
312960,2024,4,13,16,10,13,69
312965,2023,6,13,15,8,10,17
312965,2024,8,13,18,6,11,54
312970,2024,12,19,21,8,10,143
312980,2024,2,8,17,7,16,1989
312990,2024,12,19,22,8,11,23
313000,2024,6,10,14,5,9,108
313005,2023,2,6,7,5,6,19
313005,2024,7,14,22,8,16,49
313010,2023,47,51,52,5,6,208
313010,2024,1,11,12,11,12,290
313020,2023,12,20,22,9,11,23
313020,2024,2,15,19,14,18,97
313030,2024,4,12,21,9,18,77
313040,2023,9,15,21,7,13,102
313050,2023,10,13,21,4,12,104
313050,2024,7,12,21,6,15,256
313055,2024,3,15,19,13,17,80
313060,2023,46,51,52,6,7,33
313060,2024,1,3,6,3,6,90
313065,2024,8,13,15,6,8,81
313070,2023,9,13,20,5,12,58
313070,2024,13,15,21,3,9,30
313080,2023,12,16,21,5,10,26
313080,2024,8,15,21,8,14,37
313090,2023,9,15,21,7,13,57
313090,2024,2,9,12,8,11,189
313100,2023,12,13,18,2,7,23
313100,2024,2,6,8,5,7,92
313110,2023,7,11,13,5,7,38
313110,2024,3,8,11,6,9,60
313115,2023,6,12,21,7,16,84
313115,2024,6,9,13,4,8,276
313120,2024,5,9,15,5,11,103
313130,2023,4,15,25,12,22,797
313130,2023,47,50,52,4,6,268
313130,2024,2,5,10,4,9,566
313140,2023,3,8,8,6,6,37
313150,2024,6,13,16,8,11,14
313160,2023,12,15,18,4,7,47
313160,2024,5,14,19,10,15,74
313170,2024,1,6,16,6,16,3220
313180,2024,1,11,14,11,14,111
313190,2024,4,13,21,10,18,568
313210,2023,1,3,7,3,7,95
313220,2023,9,14,18,6,10,82
313220,2024,2,9,16,8,15,301
313230,2024,9,18,23,10,15,64
313240,2024,4,15,23,12,20,798
313250,2024,2,10,18,9,17,816
313260,2023,17,21,24,5,8,5
313260,2023,47,50,52,4,6,7
313260,2024,1,3,5,3,5,39
313270,2024,4,10,15,7,12,411
313280,2024,3,13,14,11,12,30
313290,2023,16,17,21,2,6,14
313290,2024,3,19,25,17,23,100
313300,2024,7,17,22,11,16,269
313310,2024,7,18,23,12,17,118
313320,2023,49,51,52,3,4,29
313320,2024,1,3,8,3,8,89
313330,2024,6,12,21,7,16,109
313340,2024,20,23,27,4,8,78
313350,2023,12,18,24,7,13,72
313350,2023,47,51,52,5,6,172
313350,2024,1,9,13,9,13,402
313360,2024,7,16,24,10,18,180
313370,2024,1,7,14,7,14,293
313375,2023,4,13,17,10,14,406
313375,2024,10,17,21,8,12,179
313380,2023,11,17,24,7,14,92
313380,2024,2,12,20,11,19,487
313390,2024,2,10,15,9,14,52
313400,2023,1,6,9,6,9,118
313410,2024,8,9,15,2,8,19
313420,2023,4,16,19,13,16,477
313430,2023,12,19,21,8,10,14
313430,2024,4,9,23,6,20,48
313440,2023,9,17,20,9,12,53
313450,2024,5,13,16,9,12,148
313460,2023,10,13,16,4,7,46
313460,2024,3,7,15,5,13,123
313470,2024,8,12,15,5,8,64
313480,2024,14,15,19,2,6,15
313490,2024,5,21,23,17,19,314
313500,2023,12,20,21,9,10,7
313500,2023,47,51,52,5,6,23
313505,2024,8,17,20,10,13,36
313507,2024,7,12,15,6,9,16
313510,2023,4,6,9,3,6,184
313510,2024,8,14,20,7,13,283
313520,2024,3,9,14,7,12,950
313530,2024,2,11,17,10,16,108
313535,2023,4,12,14,9,11,69
313535,2024,2,6,11,5,10,117
313540,2023,13,13,19,1,7,23
313540,2024,8,15,19,8,12,42
313545,2024,8,15,20,8,13,39
313550,2023,8,15,20,8,13,61
313550,2024,5,9,17,5,13,49
313560,2024,4,11,12,8,9,59
313570,2023,13,17,22,5,10,37
313570,2024,3,5,15,3,13,150
313580,2023,1,6,8,6,8,26
313590,2024,3,16,18,14,16,34
313600,2023,1,3,7,3,7,87
313600,2024,8,10,15,3,8,91
313610,2023,8,17,25,10,18,15
313620,2023,10,20,22,11,13,299
313620,2024,3,9,18,7,16,1172
313630,2023,3,10,14,8,12,273
313640,2024,1,9,19,9,19,57
313650,2024,8,12,17,5,10,17
313652,2024,7,11,15,5,9,25
313655,2024,4,12,16,9,13,48
313660,2024,3,10,11,8,9,136
313665,2023,11,14,18,4,8,108
313665,2024,2,6,12,5,11,164
313670,2024,4,17,23,14,20,1794
313680,2024,2,6,17,5,16,30
313690,2024,2,12,22,11,21,31
313695,2023,2,7,9,6,8,20
313695,2024,6,10,12,5,7,18
313700,2024,6,11,19,6,14,79
313710,2023,10,17,25,8,16,18
313710,2024,10,14,20,5,11,23
313720,2024,1,9,19,9,19,643
313730,2024,6,7,13,2,8,21
313740,2024,3,13,16,11,14,91
313750,2023,3,7,8,5,6,30
313750,2023,10,12,19,3,10,125
313750,2024,10,12,16,3,7,76
313753,2023,4,10,15,7,12,320
313760,2024,1,6,16,6,16,1828
313770,2023,7,15,18,9,12,86
313770,2024,9,12,15,4,7,72
313780,2024,1,12,20,12,20,151
313790,2024,7,10,21,4,15,13
313810,2024,3,8,14,6,12,137
313820,2023,7,15,21,9,15,596
313820,2024,5,16,26,12,22,653
313830,2024,3,7,13,5,11,35
313835,2024,2,11,16,10,15,71
313840,2024,7,10,16,4,10,52
313850,2024,6,11,19,6,14,16
313860,2024,5,14,21,10,17,345
313862,2024,9,14,23,6,15,43
313865,2023,1,4,7,4,7,82
313865,2024,4,10,14,7,11,107
313867,2024,10,14,17,5,8,12
313868,2024,4,12,17,9,14,114
313870,2024,8,15,19,8,12,43
313880,2024,1,12,18,12,18,286
313890,2023,25,25,30,1,6,11
313890,2024,5,12,17,8,13,95
313900,2024,4,15,20,12,17,499
313910,2024,4,11,19,8,16,200
313920,2023,8,15,19,8,12,38
313920,2024,4,13,17,10,14,175
313925,2024,8,15,21,8,14,20
313930,2024,3,11,15,9,13,301
313940,2023,9,17,24,9,16,474
313940,2024,6,15,24,10,19,1181
313950,2023,9,15,22,7,14,112
313950,2024,5,14,19,10,15,92
313960,2023,8,12,16,5,9,53
313960,2024,4,8,13,5,10,195
313970,2024,1,8,11,8,11,133
313980,2024,2,9,13,8,12,188
313990,2024,12,15,23,4,12,17
314000,2023,10,15,21,6,12,274
314000,2024,3,12,19,10,17,1039
314010,2024,5,8,11,4,7,98
314015,2023,11,16,16,6,6,33
314015,2023,49,52,52,4,4,115
314015,2024,1,5,11,5,11,312
314020,2023,13,21,24,9,12,18
314020,2024,8,16,16,9,9,33
314030,2023,46,48,51,3,6,23
314050,2023,12,15,22,4,11,69
314050,2024,4,11,17,8,14,276
314053,2023,9,17,18,9,10,30
314053,2024,8,14,17,7,10,38
314055,2024,9,15,16,7,8,45
314060,2023,9,16,21,8,13,30
314060,2024,6,10,17,5,12,44
314070,2023,49,51,52,3,4,85
314070,2024,1,5,11,5,11,326
314080,2024,1,14,19,14,19,92
314090,2023,7,9,19,3,13,119
314090,2024,5,11,14,7,10,129
314100,2024,9,14,20,6,12,106
314110,2024,1,9,15,9,15,780
314120,2024,3,8,17,6,15,110
314150,2024,1,12,14,12,14,63
314160,2023,14,20,26,7,13,15
314160,2024,9,14,23,6,15,42
314180,2023,43,50,52,8,10,124
314180,2024,1,8,16,8,16,219
314190,2024,6,12,21,7,16,126
314210,2023,5,13,20,9,16,115
314220,2023,13,17,21,5,9,22
314220,2024,1,5,6,5,6,47
314225,2024,9,16,19,8,11,27
314230,2024,2,12,15,11,14,58
314240,2024,6,11,16,6,11,21
314250,2024,1,6,10,6,10,125
314260,2024,8,16,19,9,12,72
314270,2024,5,11,17,7,13,112
314290,2024,4,15,21,12,18,48
314300,2023,46,51,52,6,7,80
314300,2024,1,5,9,5,9,94
314310,2023,2,15,18,14,17,432
314315,2024,6,11,14,6,9,39
314320,2024,2,15,22,14,21,256
314330,2023,2,7,10,6,9,1788
314330,2024,4,9,16,6,13,2002
314340,2024,4,15,21,12,18,245
314350,2023,1,12,15,12,15,82
314350,2024,8,12,17,5,10,58
314370,2024,3,9,14,7,12,71
314380,2024,11,15,18,5,8,5
314390,2023,1,10,17,10,17,625
314390,2024,6,11,12,6,7,244
314400,2023,1,9,14,9,14,73
314410,2024,3,21,23,19,21,66
314420,2024,7,10,12,4,6,32
314430,2023,2,11,15,10,14,119
314430,2024,8,15,19,8,12,105
314435,2023,17,21,25,5,9,9
314435,2023,47,47,52,1,6,9
314435,2024,1,7,17,7,17,79
314437,2023,6,8,22,3,17,61
314437,2024,4,10,15,7,12,34
314440,2024,11,16,25,6,15,15
314450,2024,1,8,12,8,12,195
314460,2023,10,15,22,6,13,165
314460,2024,9,15,23,7,15,301
314465,2024,10,15,24,6,15,16
314467,2023,11,11,18,1,8,12
314467,2024,4,12,16,9,13,31
314470,2023,19,19,22,1,4,7
314470,2024,2,8,17,7,16,278
314480,2023,11,15,22,5,12,138
314480,2024,2,12,19,11,18,953
314490,2024,5,10,14,6,10,59
314500,2023,43,50,52,8,10,29
314500,2024,1,2,4,2,4,35
314505,2024,6,9,15,4,10,66
314510,2024,4,12,22,9,19,88
314520,2023,8,17,21,10,14,693
314520,2024,4,10,19,7,16,1037
314530,2023,9,9,12,1,4,11
314530,2024,5,16,22,12,18,246
314535,2023,7,9,14,3,8,12
314535,2023,16,18,24,3,9,23
314535,2024,3,6,12,4,10,63
314537,2024,3,8,19,6,17,28
314540,2024,7,16,20,10,14,19
314545,2023,48,52,52,5,5,18
314545,2024,1,10,15,10,15,29
314550,2024,7,15,21,9,15,39
314560,2023,5,15,20,11,16,556
314570,2024,16,18,21,3,6,13
314580,2023,9,11,16,3,8,9
314580,2024,3,12,21,10,19,32
314585,2023,6,9,12,4,7,18
314585,2024,7,14,17,8,11,33
314587,2023,17,20,24,4,8,29
314587,2024,14,18,20,5,7,46
314590,2024,2,15,19,14,18,2601
314600,2024,2,11,19,10,18,253
314610,2024,1,9,20,9,20,335
314620,2024,4,12,17,9,14,74
314625,2024,2,13,17,12,16,75
314630,2023,5,7,16,3,12,46
314630,2024,6,14,19,9,14,203
314640,2023,8,9,13,2,6,35
314640,2024,4,8,18,5,15,45
314650,2023,9,14,19,6,11,18
314650,2023,47,52,52,6,6,43
314650,2024,1,4,12,4,12,69
314655,2024,9,14,15,6,7,20
314660,2024,4,16,21,13,18,48
314670,2024,3,14,18,12,16,34
314675,2023,1,7,7,7,7,13
314675,2024,7,12,13,6,7,30
314690,2024,2,11,14,10,13,89
314700,2023,1,6,13,6,13,417
314700,2024,12,15,17,4,6,207
314710,2024,4,12,15,9,12,1352
314720,2024,14,21,23,8,10,118
314730,2024,7,21,24,15,18,48
314740,2023,5,15,20,11,16,218
314740,2024,6,8,12,3,7,134
314750,2024,2,9,10,8,9,27
314760,2024,5,20,23,16,19,55
314770,2023,10,15,23,6,14,16
314770,2024,4,12,16,9,13,146
314790,2023,2,9,17,8,16,1319
314790,2024,8,11,18,4,11,2101
314795,2024,5,10,13,6,9,41
314800,2023,12,15,21,4,10,792
314800,2024,4,12,20,9,17,1225
314810,2023,9,16,21,8,13,458
314810,2024,2,12,15,11,14,623
314830,2024,4,14,20,11,17,43
314840,2024,4,14,15,11,12,41
314850,2024,5,14,20,10,16,63
314860,2023,17,18,21,2,5,16
314860,2024,3,14,20,12,18,213
314870,2024,6,9,14,4,9,35
314875,2024,8,9,13,2,6,4
314880,2023,8,14,21,7,14,53
314880,2024,15,16,21,2,7,40
314890,2023,14,20,20,7,7,16
314890,2024,3,12,16,10,14,111
314900,2024,8,10,13,3,6,13
314910,2024,9,15,21,7,13,46
314915,2024,2,9,13,8,12,46
314920,2023,13,18,21,6,9,15
314920,2024,3,11,15,9,13,126
314930,2024,2,10,15,9,14,1168
314940,2024,11,14,16,4,6,6
314960,2024,2,9,15,8,14,111
314970,2023,10,16,22,7,13,71
314970,2023,48,52,52,5,5,136
314970,2024,1,4,10,4,10,190
314980,2023,5,17,22,13,18,183
314980,2024,14,19,21,6,8,130
314990,2023,10,14,15,5,6,220
314990,2024,8,16,21,9,14,132
315000,2024,5,15,16,11,12,21
315010,2023,17,20,26,4,10,12
315010,2023,48,52,52,5,5,52
315010,2024,1,2,8,2,8,45
315015,2023,9,19,22,11,14,14
315015,2024,5,15,21,11,17,88
315020,2023,10,17,20,8,11,18
315020,2024,10,12,15,3,6,27
315030,2023,14,19,23,6,10,43
315030,2024,4,12,19,9,16,131
315040,2024,2,7,10,6,9,27
315050,2023,11,15,21,5,11,56
315050,2024,1,5,16,5,16,184
315053,2023,4,9,14,6,11,63
315053,2023,42,45,48,4,7,77
315060,2023,16,17,22,2,7,21
315060,2024,3,12,19,10,17,191
315080,2024,3,12,19,10,17,150
315090,2024,6,15,22,10,17,28
315100,2024,8,15,22,8,15,17
315110,2024,6,8,14,3,9,32
315120,2023,4,9,13,6,10,207
315120,2024,6,11,14,6,9,119
315140,2023,7,11,13,5,7,272
315140,2024,6,11,11,6,6,186
315150,2023,10,17,23,8,14,215
315150,2024,1,10,15,10,15,438
315160,2023,15,18,20,4,6,80
315170,2024,9,19,25,11,17,71
315180,2024,9,19,22,11,14,126
315190,2024,4,8,14,5,11,85
315200,2023,12,18,19,7,8,108
315200,2024,3,10,13,8,11,303
315210,2023,4,12,20,9,17,520
315210,2024,4,14,21,11,18,405
315213,2023,7,8,12,2,6,14
315217,2024,8,12,17,5,10,20
315220,2024,9,14,18,6,10,108
315230,2024,6,18,19,13,14,65
315240,2023,3,9,13,7,11,51
315250,2024,4,15,22,12,19,1075
315260,2024,3,15,26,13,24,100
315270,2024,3,8,18,6,16,105
315280,2023,8,10,13,3,6,214
315280,2024,8,9,18,2,11,698
315290,2023,6,11,17,6,12,117
315290,2024,13,15,21,3,9,69
315300,2024,3,16,21,14,19,26
315310,2024,8,14,19,7,12,74
315320,2024,1,6,12,6,12,208
315330,2024,3,7,16,5,14,19
315340,2024,13,17,19,5,7,66
315350,2023,10,13,20,4,11,17
315350,2024,6,18,21,13,16,32
315360,2024,2,7,13,6,12,101
315370,2024,1,6,11,6,11,28
315380,2023,11,20,21,10,11,4
315380,2024,4,15,21,12,18,37
315390,2024,2,15,21,14,20,111
315400,2023,9,19,26,11,18,35
315400,2024,4,14,22,11,19,114
315410,2023,44,50,52,7,9,22
315410,2024,1,4,17,4,17,30
315415,2023,9,15,19,7,11,31
315415,2024,6,7,14,2,9,68
315420,2024,3,19,21,17,19,186
315430,2024,4,9,16,6,13,72
315440,2024,7,14,20,8,14,43
315445,2024,3,14,14,12,12,88
315450,2024,9,16,16,8,8,41
315460,2023,11,15,17,5,7,494
315460,2024,1,9,16,9,16,4054
315470,2023,6,12,18,7,13,72
315480,2023,12,18,22,7,11,34
315480,2024,2,8,15,7,14,200
315490,2023,9,18,21,10,13,69
315490,2024,6,11,17,6,12,101
315510,2024,9,14,18,6,10,27
315520,2024,4,11,18,8,15,51
315530,2024,1,9,15,9,15,123
315540,2024,4,8,14,5,11,24
315540,2024,16,20,24,5,9,15
315550,2024,2,15,21,14,20,326
315560,2024,8,15,17,8,10,158
315570,2023,13,17,23,5,11,24
315570,2024,3,9,17,7,15,171
315580,2023,10,15,21,6,12,156
315590,2024,5,13,22,9,18,23
315600,2023,48,52,52,5,5,16
315600,2024,1,5,11,5,11,58
315610,2024,5,13,19,9,15,69
315620,2024,6,11,16,6,11,36
315630,2024,5,12,18,8,14,100
315640,2024,11,14,19,4,9,24
315645,2023,9,14,17,6,9,11
315650,2023,5,6,16,2,12,12
315650,2024,5,12,17,8,13,75
315660,2024,7,14,21,8,15,51
315670,2023,11,15,20,5,10,450
315670,2024,2,8,17,7,16,1741
315680,2023,8,17,22,10,15,46
315680,2024,6,15,20,10,15,139
315690,2024,5,16,21,12,17,287
315700,2023,3,7,10,5,8,187
315700,2024,3,6,17,4,15,276
315720,2023,13,13,16,1,4,42
315720,2023,18,20,24,3,7,54
315720,2023,45,51,52,7,8,748
315720,2024,1,4,8,4,8,992
315725,2023,10,15,16,6,7,8
315725,2024,2,8,12,7,11,25
315727,2024,4,15,21,12,18,32
315730,2023,17,19,22,3,6,4
315730,2024,2,13,17,12,16,35
315733,2024,1,6,13,6,13,157
315737,2024,5,10,10,6,6,15
315740,2023,8,19,21,12,14,22
315740,2024,9,13,14,5,6,7
315750,2023,10,16,17,7,8,21
315750,2024,8,9,19,2,12,21
315760,2023,9,17,18,9,10,26
315765,2024,5,12,21,8,17,15
315770,2024,4,12,17,9,14,130
315780,2023,9,15,20,7,12,2404
315780,2024,4,8,14,5,11,10496
315790,2023,17,17,23,1,7,23
315790,2024,5,12,18,8,14,58
315800,2024,1,6,11,6,11,386
315810,2024,8,13,23,6,16,15
315820,2024,8,12,16,5,9,87
315830,2023,16,18,21,3,6,10
315830,2024,9,16,22,8,14,98
315840,2024,4,9,15,6,12,21
315850,2024,1,6,12,6,12,93
315860,2024,1,8,13,8,13,42
315880,2023,15,15,19,1,5,13
315880,2023,45,49,52,5,8,143
315890,2024,1,9,11,9,11,27
315895,2023,2,15,25,14,24,150
315895,2024,1,5,11,5,11,146
315900,2023,45,48,52,4,8,22
315900,2024,1,5,11,5,11,74
315910,2024,2,9,15,8,14,82
315920,2024,11,16,22,6,12,9
315930,2024,3,9,12,7,10,61
315935,2023,9,12,19,4,11,25
315940,2024,7,9,16,3,10,6
315950,2024,5,12,15,8,11,83
315960,2024,6,19,24,14,19,621
315970,2024,3,6,10,4,8,42
315980,2023,9,20,21,12,13,64
315980,2024,4,12,21,9,18,107
315990,2023,14,15,19,2,6,24
315990,2023,44,51,52,8,9,178
315990,2024,1,3,11,3,11,244
316000,2024,1,10,15,10,15,58
316010,2023,10,20,21,11,12,20
316010,2024,7,13,22,7,16,21
316020,2024,5,12,20,8,16,33
316030,2023,1,5,15,5,15,31
316030,2024,11,15,21,5,11,23
316040,2023,11,15,21,5,11,36
316040,2024,2,10,15,9,14,123
316045,2024,7,16,22,10,16,64
316050,2024,3,10,14,8,12,29
316060,2024,1,8,14,8,14,51
316070,2024,3,16,21,14,19,184
316080,2024,8,17,23,10,16,53
316090,2023,14,19,22,6,9,5
316090,2024,2,11,20,10,19,75
316095,2023,11,15,16,5,6,8
316095,2024,2,12,13,11,12,31
316100,2024,2,10,17,9,16,328
316105,2023,5,7,10,3,6,8
316110,2023,3,7,11,5,9,468
316110,2024,4,12,18,9,15,1692
316120,2023,11,19,20,9,10,28
316120,2024,4,12,19,9,16,464
316130,2024,15,20,26,6,12,32
316140,2023,7,13,20,7,14,23
316140,2024,5,11,20,7,16,56
316150,2024,7,18,21,12,15,46
316160,2024,10,14,22,5,13,19
316165,2024,3,4,9,2,7,7
316170,2023,11,15,23,5,13,19
316170,2024,7,10,15,4,9,14
316180,2024,6,11,17,6,12,93
316190,2023,10,17,24,8,15,229
316190,2024,3,8,18,6,16,201
316200,2024,7,17,21,11,15,527
316210,2023,10,17,21,8,12,81
316210,2024,2,13,19,12,18,647
316220,2023,10,12,20,3,11,37
316220,2024,14,18,23,5,10,51
316225,2023,48,50,52,3,5,23
316225,2024,1,9,16,9,16,29
316230,2024,12,19,22,8,11,29
316240,2024,9,16,20,8,12,114
316245,2024,5,12,19,8,15,93
316250,2023,15,17,21,3,7,106
316250,2024,1,11,16,11,16,1593
316255,2023,10,19,22,10,13,20
316255,2024,7,15,22,9,16,80
316257,2023,6,12,17,7,12,36
316257,2023,19,21,24,3,6,32
316257,2024,4,12,14,9,11,53
316260,2023,1,2,6,2,6,116
316260,2024,4,7,9,4,6,68
316265,2023,5,7,10,3,6,5
316265,2024,6,15,22,10,17,38
316270,2024,3,16,21,14,19,294
316280,2023,15,15,22,1,8,13
316280,2024,4,13,17,10,14,127
316290,2023,10,17,20,8,11,205
316290,2024,8,11,13,4,6,130
316292,2024,1,5,6,5,6,311
316294,2023,8,13,19,6,12,63
316294,2024,13,21,23,9,11,55
316295,2024,1,5,12,5,12,376
316300,2023,1,5,9,5,9,19
316300,2024,8,9,15,2,8,18
316310,2024,5,9,15,5,11,25
316320,2024,1,5,12,5,12,67
316330,2023,45,48,51,4,7,44
316330,2024,1,8,13,8,13,90
316340,2023,10,12,16,3,7,32
316340,2024,1,5,12,5,12,71
316350,2024,4,16,17,13,14,50
316360,2024,1,5,6,5,6,21
316370,2024,4,13,22,10,19,770
316380,2024,8,19,19,12,12,51
316390,2024,7,14,20,8,14,29
316400,2023,12,18,21,7,10,11
316400,2024,6,14,20,9,15,134
316410,2024,5,12,17,8,13,37
316420,2023,4,9,10,6,7,49
316420,2024,4,9,11,6,8,43
316430,2024,7,16,22,10,16,90
316440,2024,6,19,23,14,18,47
316443,2023,11,12,16,2,6,11
316443,2024,7,12,19,6,13,25
316447,2024,5,9,12,5,8,73
316460,2023,15,16,21,2,7,36
316460,2024,3,10,18,8,16,197
316470,2023,6,15,20,10,15,532
316470,2024,12,19,23,8,12,522
316480,2024,7,11,12,5,6,21
316490,2024,11,14,27,4,17,14
316500,2023,8,12,16,5,9,10
316500,2024,4,20,23,17,20,57
316510,2024,8,15,20,8,13,91
316520,2024,5,14,20,10,16,34
316530,2024,6,13,20,8,15,186
316540,2024,9,17,21,9,13,66
316553,2024,1,11,12,11,12,277
316555,2024,14,18,21,5,8,50
316556,2023,45,48,51,4,7,30
316556,2024,5,9,12,5,8,30
316560,2024,4,14,18,11,15,57
316580,2024,9,12,14,4,6,2
316590,2024,5,12,15,8,11,113
316600,2024,1,12,17,12,17,69
316610,2024,3,9,12,7,10,63
316620,2024,5,10,12,6,8,7
316630,2024,4,12,16,9,13,47
316640,2024,10,14,19,5,10,10
316650,2024,4,11,16,8,13,48
316660,2024,2,10,12,9,11,25
316670,2024,5,12,18,8,14,41
316680,2023,10,20,23,11,14,49
316680,2024,8,23,26,16,19,300
316690,2024,1,10,14,10,14,132
316695,2024,9,15,20,7,12,63
316710,2024,3,12,19,10,17,523
316720,2023,11,12,17,2,7,616
316720,2024,2,8,14,7,13,1492
316730,2023,10,15,19,6,10,49
316740,2024,10,16,22,7,13,40
316750,2023,44,48,52,5,9,56
316750,2024,1,1,8,1,8,30
316760,2024,5,12,14,8,10,274
316770,2023,2,7,8,6,7,8
316770,2023,10,17,20,8,11,16
316770,2024,3,11,13,9,11,50
316780,2024,9,17,22,9,14,77
316790,2024,14,16,21,3,8,28
316800,2024,5,15,21,11,17,297
316805,2024,12,19,22,8,11,21
316810,2024,6,11,11,6,6,24
316830,2024,3,12,16,10,14,114
316840,2023,7,12,16,6,10,23
316840,2024,1,8,12,8,12,91
316850,2023,6,14,17,9,12,64
316850,2024,8,11,16,4,9,26
316860,2023,2,9,17,8,16,294
316860,2024,4,14,17,11,14,802
316870,2023,9,15,25,7,17,141
316870,2023,43,50,52,8,10,621
316880,2023,16,17,21,2,6,18
316880,2024,2,12,16,11,15,256
316890,2023,12,20,21,9,10,23
316890,2023,46,51,52,6,7,118
316890,2024,1,2,9,2,9,117
316900,2024,8,17,22,10,15,205
316920,2023,10,13,21,4,12,27
316920,2024,1,6,12,6,12,73
316930,2023,13,17,21,5,9,75
316930,2024,5,15,21,11,17,1288
316935,2023,9,15,21,7,13,51
316935,2024,2,9,12,8,11,321
316940,2024,7,19,22,13,16,1063
316950,2024,5,9,10,5,6,26
316960,2024,7,17,22,11,16,79
316970,2024,2,13,18,12,17,692
316980,2024,10,20,25,11,16,29
316990,2023,11,19,22,9,12,106
316990,2024,5,12,21,8,17,732
317000,2024,6,10,18,5,13,43
317005,2023,8,17,20,10,13,13
317005,2024,1,11,15,11,15,71
317010,2023,6,10,21,5,16,510
317010,2024,15,20,21,6,7,252
317020,2023,5,12,21,8,17,1931
317020,2024,3,8,13,6,11,2070
317030,2024,8,8,14,1,7,6
317040,2023,6,10,12,5,7,200
317040,2024,6,13,19,8,14,671
317043,2023,3,4,9,2,7,13
317047,2024,3,11,15,9,13,45
317050,2023,8,18,23,11,16,24
317050,2024,4,14,16,11,13,63
317052,2024,1,6,14,6,14,299
317057,2023,4,8,17,5,14,44
317057,2024,1,4,6,4,6,48
317060,2024,3,12,18,10,16,48
317065,2024,12,13,19,2,8,6
317070,2023,13,17,21,5,9,299
317070,2024,2,12,19,11,18,3512
317075,2023,2,10,13,9,12,14
317075,2024,6,10,21,5,16,98
317080,2023,3,10,11,8,9,292
317080,2024,3,7,8,5,6,169
317080,2024,10,18,19,9,10,240
317090,2024,9,12,19,4,11,109
317100,2023,6,12,21,7,16,138
317100,2024,10,15,20,6,11,163
317107,2023,48,51,52,4,5,33
317107,2024,1,11,14,11,14,57
317115,2023,10,13,16,4,7,38
317115,2024,7,9,16,3,10,40
317120,2023,46,52,52,7,7,165
317120,2024,1,5,12,5,12,260
317130,2023,11,19,21,9,11,243
317130,2024,5,15,21,11,17,1518
317140,2023,2,4,7,3,6,11
317160,2023,38,48,52,11,15,29
317160,2024,2,9,20,8,19,67
317170,2024,8,13,22,6,15,11
317180,2024,4,11,15,8,12,190
317190,2023,3,6,10,4,8,22
317190,2024,7,12,18,6,12,76
317200,2023,8,16,20,9,13,137
317200,2024,5,10,20,6,16,307
317210,2024,1,13,15,13,15,44
330010,2023,9,17,21,9,13,102
330010,2024,1,11,21,11,21,1275
330020,2024,4,8,13,5,10,311
330022,2024,2,8,14,7,13,108
330023,2024,1,7,9,7,9,76
330025,2024,4,9,21,6,18,56
330030,2024,3,13,21,11,19,205
330040,2024,2,8,27,7,26,209
330050,2024,4,17,24,14,21,1008
330060,2023,10,14,21,5,12,100
330060,2024,1,8,11,8,11,159
330070,2024,9,12,15,4,7,83
330080,2023,48,50,52,3,5,32
330080,2024,1,12,16,12,16,99
330090,2023,49,51,52,3,4,13
330090,2024,1,5,11,5,11,68
330093,2024,6,8,17,3,12,15
330095,2023,17,21,21,5,5,4
330095,2023,48,50,52,3,5,11
330095,2024,1,6,14,6,14,43
330100,2023,7,13,14,7,8,188
330100,2024,3,12,26,10,24,1243
330110,2024,2,8,16,7,15,1014
330115,2024,4,12,17,9,14,29
330120,2024,2,9,18,8,17,98
330130,2024,2,10,16,9,15,72
330140,2024,4,15,21,12,18,20
330150,2024,2,7,16,6,15,351
330160,2024,5,10,11,6,7,7
330160,2024,13,20,23,8,11,214
330170,2024,5,9,18,5,14,676
330180,2023,9,13,14,5,6,8
330180,2024,2,6,14,5,13,37
330185,2024,3,6,14,4,12,29
330187,2023,19,24,28,6,10,8
330187,2024,5,23,27,19,23,24
330190,2024,3,15,21,13,19,544
330205,2023,3,6,7,4,5,13
330205,2023,9,13,22,5,14,33
330205,2024,8,8,16,1,9,125
330210,2024,2,10,12,9,11,27
330220,2023,3,10,17,8,15,181
330220,2024,2,8,13,7,12,196
330225,2023,13,18,21,6,9,25
330225,2023,46,52,52,7,7,162
330225,2024,1,4,16,4,16,274
330227,2024,2,3,9,2,8,53
330230,2024,6,10,12,5,7,36
330240,2024,3,11,22,9,20,363
330245,2023,11,20,24,10,14,18
330245,2024,3,8,12,6,10,46
330250,2024,3,11,21,9,19,290
330260,2024,3,20,22,18,20,29
330270,2024,5,10,17,6,13,982
330280,2023,13,16,18,4,6,18
330280,2024,2,12,18,11,17,81
330285,2024,7,9,12,3,6,72
330290,2024,6,19,23,14,18,60
330310,2023,10,17,21,8,12,170
330310,2024,8,8,16,1,9,178
330330,2024,6,8,12,3,7,196
330340,2024,4,12,18,9,15,365
330340,2024,20,24,27,5,8,220
330360,2024,4,10,21,7,18,23
330370,2024,3,12,17,10,15,139
330380,2023,6,15,20,10,15,187
330380,2024,4,14,22,11,19,306
330385,2024,2,12,18,11,17,173
330390,2024,3,10,19,8,17,736
330395,2024,3,15,20,13,18,74
330400,2023,15,15,20,1,6,33
330400,2024,1,14,20,14,20,183
330410,2023,3,10,16,8,14,35
330410,2024,3,3,10,1,8,43
330411,2023,48,50,52,3,5,18
330411,2024,1,12,21,12,21,113
330412,2023,15,18,21,4,7,13
330412,2024,1,20,22,20,22,45
330414,2024,2,10,13,9,12,92
330415,2024,9,19,27,11,19,55
330420,2023,15,20,26,6,12,87
330420,2023,45,51,52,7,8,253
330420,2024,1,10,17,10,17,899
330430,2024,6,9,15,4,10,24
330440,2024,7,18,20,12,14,102
330450,2024,7,10,12,4,6,10
330452,2023,14,20,22,7,9,61
330452,2023,48,52,52,5,5,63
330452,2024,1,9,16,9,16,402
330455,2024,2,8,15,7,14,14498
330470,2024,2,14,17,13,16,55
330475,2024,4,9,15,6,12,452
330480,2024,2,6,11,5,10,39
330490,2024,6,9,12,4,7,522
330500,2024,9,13,16,5,8,30
330510,2024,4,8,12,5,9,470
330513,2024,8,11,17,4,10,14
330515,2024,2,11,21,10,20,58
330520,2023,24,25,34,2,11,49
330520,2024,4,6,12,3,9,36
330530,2023,48,52,52,5,5,16
330530,2024,1,8,10,8,10,42
330540,2023,49,51,52,3,4,16
330540,2024,2,13,17,12,16,262
330550,2024,3,11,15,9,13,119
330560,2024,3,13,18,11,16,20
330570,2023,11,15,19,5,9,10
330570,2024,1,10,18,10,18,51
330575,2024,7,10,14,4,8,16
330580,2024,4,19,22,16,19,158
330590,2024,8,11,18,4,11,12
330600,2023,47,50,52,4,6,49
330600,2024,1,4,12,4,12,146
330610,2024,4,14,23,11,20,156
330615,2023,6,13,17,8,12,49
330620,2024,2,9,17,8,16,414
330630,2024,1,11,20,11,20,1940
350010,2023,2,12,17,11,16,306
350030,2024,12,21,22,10,11,64
350040,2024,8,19,23,12,16,32
350050,2024,5,15,23,11,19,135
350055,2024,10,18,26,9,17,72
350060,2024,6,20,23,15,18,23
350070,2023,7,14,21,8,15,306
350075,2024,10,20,23,11,14,18
350080,2023,1,4,13,4,13,58
350090,2024,15,20,22,6,8,13
350100,2023,13,16,18,4,6,8
350100,2024,7,16,24,10,18,62
350115,2024,7,15,23,9,17,103
350130,2023,1,7,15,7,15,190
350150,2023,9,17,17,9,9,27
350150,2024,12,20,22,9,11,57
350160,2024,15,19,23,5,9,465
350190,2023,10,17,22,8,13,126
350190,2024,11,21,25,11,15,648
350200,2024,4,16,19,13,16,141
350210,2023,10,15,19,6,10,324
350220,2024,8,21,23,14,16,98
350230,2023,12,15,20,4,9,22
350230,2024,18,20,24,3,7,15
350240,2023,9,11,15,3,7,25
350250,2023,6,13,20,8,15,68
350250,2024,5,14,23,10,19,156
350270,2024,10,20,22,11,13,39
350275,2023,9,17,21,9,13,23
350275,2024,3,18,22,16,20,95
350290,2024,7,21,23,15,17,153
350310,2023,17,17,23,1,7,13
350310,2024,11,17,24,7,14,87
350315,2024,6,13,17,8,12,27
350330,2024,16,21,23,6,8,158
350335,2023,1,5,15,5,15,27
350340,2023,11,17,23,7,13,62
350340,2024,8,14,17,7,10,35
350350,2024,8,17,21,10,14,23
350360,2023,13,16,16,4,4,5
350360,2024,8,17,22,10,15,77
350370,2024,2,11,21,10,20,110
350380,2024,4,16,23,13,20,155
350390,2024,6,15,24,10,19,194
350400,2023,12,17,21,6,10,446
350400,2024,13,14,25,2,13,573
350410,2024,5,15,22,11,18,1187
350450,2023,15,16,21,2,7,44
350450,2024,7,20,24,14,18,885
350470,2023,11,15,16,5,6,34
350490,2024,3,13,19,11,17,83
350500,2023,11,15,20,5,10,57
350520,2023,47,52,52,6,6,24
350520,2024,1,5,12,5,12,484
350530,2024,8,21,24,14,17,220
350535,2024,11,15,20,5,10,32
350540,2024,6,10,13,5,8,27
350550,2024,12,21,22,10,11,284
350560,2024,8,11,17,4,10,111
350570,2024,9,20,23,12,15,430
350580,2023,5,15,18,11,14,200
350590,2024,5,18,22,14,18,437
350600,2023,8,15,20,8,13,1337
350610,2024,2,9,20,8,19,594
350620,2024,22,26,27,5,6,16
350630,2024,5,13,21,9,17,140
350635,2023,9,15,24,7,16,82
350635,2023,48,52,52,5,5,70
350635,2024,1,6,18,6,18,217
350660,2024,6,19,22,14,17,220
350670,2023,4,11,17,8,14,160
350690,2024,10,16,24,7,15,45
350700,2024,3,20,24,18,22,494
350710,2024,3,15,22,13,20,69
350730,2023,47,51,52,5,6,25
350730,2024,1,7,14,7,14,83
350750,2024,1,15,22,15,22,1253
350760,2024,2,13,22,12,21,1132
350770,2023,12,15,17,4,6,48
350780,2023,47,52,52,6,6,225
350780,2024,1,7,10,7,10,387
350790,2024,4,15,22,12,19,200
350800,2024,13,17,21,5,9,39
350820,2023,11,13,16,3,6,16
350830,2024,16,20,24,5,9,18
350840,2024,5,20,24,16,20,103
350850,2024,6,19,23,14,18,1051
350860,2024,4,16,23,13,20,186
350870,2024,8,19,25,12,18,158
350890,2023,4,6,11,3,8,18
350900,2024,3,13,21,11,19,313
350910,2023,12,15,21,4,10,20
350920,2024,5,13,20,9,16,283
350925,2024,7,19,22,13,16,304
350930,2023,3,7,14,5,12,94
350940,2024,14,16,19,3,6,46
350945,2024,7,21,22,15,16,104
350950,2024,3,20,24,18,22,8383
350960,2024,6,17,22,12,17,178
350970,2024,11,13,16,3,6,14
350980,2023,12,15,20,4,9,43
350990,2024,9,16,23,8,15,161
350995,2024,7,20,22,14,16,46
351000,2023,10,19,22,10,13,156
351000,2024,8,20,23,13,16,137
351010,2023,9,13,17,5,9,31
351015,2023,8,15,20,8,13,61
351020,2023,11,17,22,7,12,67
351020,2024,15,21,25,7,11,78
351030,2024,9,21,25,13,17,229
351040,2024,2,15,21,14,20,302
351050,2024,8,19,27,12,20,860
351060,2024,10,19,22,10,13,858
351070,2024,16,20,27,5,12,60
351080,2024,3,12,23,10,21,135
351090,2024,10,20,22,11,13,23
351110,2024,4,21,26,18,23,438
351120,2024,7,15,21,9,15,54
351140,2023,11,15,22,5,12,53
351150,2024,10,21,25,12,16,195
351160,2024,14,20,24,7,11,144
351170,2024,11,20,24,10,14,115
351200,2024,1,17,23,17,23,87
351210,2023,16,18,21,3,6,64
351230,2023,8,15,20,8,13,76
351240,2024,15,22,27,8,13,98
351260,2023,13,19,21,7,9,7
351260,2024,4,18,22,15,19,29
351270,2023,9,13,18,5,10,4
351270,2024,11,21,23,11,13,10
351280,2023,13,15,20,3,8,42
351280,2024,6,21,26,16,21,202
351300,2024,4,15,25,12,22,375
351310,2024,2,9,20,8,19,188
351320,2024,3,13,16,11,14,44
351330,2023,8,14,15,7,8,25
351330,2024,18,19,23,2,6,14
351340,2024,6,15,22,10,17,102
351360,2023,13,14,17,2,5,12
351360,2024,6,19,23,14,18,57
351370,2024,9,24,27,16,19,258
351380,2024,6,20,25,15,20,1027
351390,2024,10,19,22,10,13,30
351400,2023,14,18,20,5,7,60
351410,2024,1,10,20,10,20,389
351430,2023,10,14,20,5,11,52
351440,2023,4,14,17,11,14,381
351460,2023,9,16,17,8,9,23
351460,2024,3,11,19,9,17,127
351470,2023,1,10,13,10,13,105
351480,2024,6,15,19,10,14,180
351490,2024,6,20,27,15,22,92
351492,2024,7,15,16,9,10,45
351500,2024,6,15,25,10,20,431
351510,2024,6,17,22,12,17,230
351512,2023,4,17,19,14,16,62
351515,2024,9,19,24,11,16,95
351518,2024,6,19,22,14,17,369
351519,2024,16,19,21,4,6,18
351520,2024,23,26,27,4,5,27
351530,2023,6,13,17,8,12,162
351540,2024,9,20,22,12,14,229
351560,2023,2,12,19,11,18,56
351570,2024,4,16,23,13,20,808
351580,2023,4,15,16,12,13,62
351600,2023,9,13,19,5,11,71
351610,2024,11,20,20,10,10,27
351620,2024,4,12,14,9,11,997
351630,2024,4,15,21,12,18,368
351640,2023,13,15,21,3,9,68
351640,2024,1,14,21,14,21,1118
351685,2024,14,20,21,7,8,43
351730,2023,9,12,15,4,7,19
351740,2023,12,17,18,6,7,210
351760,2023,14,15,19,2,6,17
351760,2024,12,17,23,6,12,29
351790,2024,15,20,22,6,8,74
351810,2024,17,20,25,4,9,38
351820,2023,14,15,21,2,8,133
351820,2024,7,20,22,14,16,142
351830,2024,3,13,17,11,15,125
351840,2024,2,10,21,9,20,611
351850,2024,6,17,23,12,18,75
351870,2023,13,16,20,4,8,98
351870,2024,4,14,22,11,19,724
351880,2024,3,17,23,15,21,6879
351885,2023,3,5,12,3,10,49
351900,2023,8,15,18,8,11,89
351905,2024,4,16,23,13,20,109
351907,2024,6,20,26,15,21,399
351910,2023,2,9,15,8,14,36
351910,2024,8,20,25,13,18,70
351920,2023,9,13,22,5,14,33
351930,2024,15,20,23,6,9,87
351950,2023,9,15,23,7,15,41
351950,2024,11,20,25,10,15,60
351960,2023,9,17,21,9,13,129
351960,2024,14,20,27,7,14,181
351970,2024,9,20,26,12,18,196
351990,2023,2,12,17,11,16,191
352000,2023,12,15,20,4,9,29
352000,2024,8,20,25,13,18,203
352020,2024,6,17,23,12,18,58
352030,2024,2,9,18,8,17,302
352040,2024,5,17,23,13,19,322
352042,2023,10,11,17,2,8,16
352042,2023,19,27,29,9,11,12
352042,2024,3,17,22,15,20,89
352050,2023,14,19,20,6,7,91
352050,2024,5,21,23,17,19,567
352060,2023,2,8,13,7,12,74
352080,2023,1,6,10,6,10,39
352090,2023,11,17,21,7,11,28
352090,2024,16,21,26,6,11,21
352100,2024,12,21,25,10,14,50
352110,2024,7,18,24,12,18,107
352120,2024,10,21,21,12,12,19
352140,2024,6,20,24,15,19,98
352150,2023,10,17,19,8,10,27
352150,2024,18,19,25,2,8,60
352160,2023,2,10,15,9,14,52
352170,2024,10,21,26,12,17,136
352180,2024,10,21,26,12,17,163
352200,2023,17,21,24,5,8,23
352200,2024,3,17,21,15,19,61
352210,2024,7,16,22,10,16,960
352220,2024,8,17,22,10,15,698
352230,2023,14,19,20,6,7,73
352230,2024,3,14,21,12,19,488
352240,2024,9,20,25,12,17,824
352250,2024,10,20,23,11,14,172
352260,2024,6,15,22,10,17,974
352265,2024,17,17,22,1,6,5
352270,2023,3,10,17,8,15,526
352280,2024,15,21,23,7,9,276
352290,2024,14,21,23,8,10,66
352310,2024,5,16,24,12,20,518
352320,2023,12,17,21,6,10,56
352320,2024,10,16,24,7,15,168
352340,2024,2,16,22,15,21,573
352350,2024,9,20,22,12,14,48
352360,2024,8,20,25,13,18,146
352380,2024,7,18,22,12,16,31
352390,2023,13,20,22,8,10,124
352390,2024,1,12,22,12,22,1024
352400,2024,12,19,23,8,12,86
352430,2023,6,15,21,10,16,295
352440,2024,1,16,20,16,20,3098
352460,2024,7,13,17,7,11,15
352470,2024,4,15,25,12,22,687
352490,2024,7,14,23,8,17,37
352500,2024,11,20,26,10,16,119
352510,2023,15,19,22,5,8,164
352510,2024,3,16,23,14,21,798
352520,2023,18,21,23,4,6,24
352520,2024,7,16,23,10,17,227
352530,2023,10,15,15,6,6,80
352530,2024,4,19,22,16,19,1087
352540,2024,6,8,19,3,14,31
352550,2024,8,21,24,14,17,197
352560,2023,11,20,22,10,12,48
352580,2023,1,10,17,10,17,55
352585,2024,16,22,23,7,8,4
352590,2024,4,15,23,12,20,1912
352600,2023,9,13,16,5,8,137
352610,2024,9,14,19,6,11,13
352620,2024,10,19,22,10,13,71
352630,2024,6,21,22,16,17,41
352640,2023,2,14,20,13,19,332
352650,2023,7,13,19,7,13,26
352650,2024,22,25,27,4,6,20
352660,2024,7,16,21,10,15,30
352670,2024,9,15,23,7,15,329
352680,2023,10,19,22,10,13,114
352680,2024,8,21,26,14,19,252
352690,2024,4,19,25,16,22,757
352700,2024,12,15,19,4,8,23
352710,2023,9,12,20,4,12,367
352720,2024,4,14,21,11,18,757
352730,2023,11,17,19,7,9,24
352730,2024,6,19,24,14,19,155
352740,2023,5,17,20,13,16,111
352750,2024,16,19,22,4,7,10
352780,2023,2,7,8,6,7,26
352800,2023,15,20,21,6,7,16
352800,2024,5,20,25,16,21,131
352840,2024,8,19,23,12,16,185
352850,2024,4,12,25,9,22,841
352860,2024,3,20,23,18,21,124
352880,2023,8,20,22,13,15,34
352880,2024,7,20,25,14,19,84
352885,2023,7,10,21,4,15,35
352890,2023,5,15,18,11,14,79
352900,2023,11,15,23,5,13,274
352900,2024,2,20,22,19,21,632
352930,2024,15,19,22,5,8,229
352940,2024,6,20,24,15,19,915
352950,2024,16,20,24,5,9,76
352960,2024,24,27,27,4,4,24
352965,2024,11,20,24,10,14,28
352970,2023,5,10,12,6,8,15
352980,2023,14,17,20,4,7,14
352980,2024,3,12,19,10,17,352
352990,2024,12,12,17,1,6,23
353010,2023,9,15,20,7,12,352
353020,2023,4,13,19,10,16,151
353050,2024,4,18,21,15,18,304
353060,2024,4,17,22,14,19,1576
353070,2024,13,20,25,8,13,500
353080,2024,7,20,27,14,21,361
353090,2024,15,17,23,3,9,25
353110,2024,10,13,21,4,12,195
353120,2024,12,16,23,5,12,23
353130,2024,11,21,25,11,15,144
353150,2023,47,52,52,6,6,89
353150,2024,1,2,6,2,6,72
353170,2024,7,20,24,14,18,17
353180,2024,7,13,24,7,18,285
353190,2024,15,20,24,6,10,128
353200,2023,15,17,21,3,7,7
353200,2024,4,21,23,18,20,66
353215,2023,9,16,21,8,13,37
353220,2023,5,15,18,11,14,198
353230,2024,6,16,22,11,17,20
353240,2024,7,20,24,14,18,153
353282,2024,10,19,25,10,16,20
353290,2023,9,15,19,7,11,79
353325,2024,9,18,21,10,13,19
353340,2024,7,16,21,10,15,416
353350,2024,14,21,25,8,12,837
353360,2023,11,17,22,7,12,109
353370,2023,6,16,20,11,15,102
353380,2024,8,18,21,11,14,38
353390,2024,7,15,20,9,14,257
353430,2023,2,9,16,8,15,168
353440,2024,5,15,23,11,19,1729
353450,2023,8,15,17,8,10,31
353460,2023,2,12,17,11,16,420
353470,2023,11,16,22,6,12,232
353470,2024,9,21,26,13,18,397
353480,2023,3,11,15,9,13,338
353490,2023,2,7,13,6,12,108
353510,2023,15,19,20,5,6,26
353510,2023,45,51,52,7,8,63
353510,2024,1,5,15,5,15,86
353530,2023,11,15,21,5,11,234
353530,2024,18,20,27,3,10,194
353540,2023,2,11,20,10,19,222
353550,2024,8,20,25,13,18,299
353560,2024,4,19,24,16,21,88
353570,2023,8,15,23,8,16,62
353570,2024,1,4,24,4,24,98
353580,2024,11,20,25,10,15,69
353600,2023,3,13,19,11,17,91
353610,2024,11,18,22,8,12,11
353620,2024,9,21,25,13,17,140
353625,2024,9,16,21,8,13,23
353640,2023,1,6,16,6,16,112
353650,2024,4,16,22,13,19,301
353660,2024,7,10,12,4,6,89
353670,2024,2,5,16,4,15,313
353680,2024,8,20,22,13,15,15
353690,2024,16,26,27,11,12,37
353700,2023,10,17,21,8,12,31
353700,2024,1,5,10,5,10,109
353710,2024,8,15,20,8,13,278
353715,2023,12,20,20,9,9,19
353715,2024,9,14,24,6,16,20
353760,2024,5,15,22,11,18,265
353780,2024,10,20,23,11,14,60
353790,2024,10,21,26,12,17,42
353800,2023,13,20,22,8,10,120
353800,2023,49,52,52,4,4,325
353800,2024,1,10,19,10,19,1871
353810,2024,7,17,23,11,17,61
353820,2024,8,16,21,9,14,122
353830,2023,6,14,16,9,11,59
353850,2024,4,16,19,13,16,91
353860,2024,8,17,22,10,15,205
353870,2023,12,14,18,3,7,310
353870,2024,2,18,26,17,25,2382
353880,2023,15,16,21,2,7,24
353880,2024,5,20,26,16,22,289
353890,2023,8,17,21,10,14,103
353900,2023,16,19,23,4,8,27
353900,2024,5,20,24,16,20,115
353910,2024,9,15,21,7,13,35
353920,2023,3,13,20,11,18,258
353930,2023,12,16,23,5,12,51
353930,2024,1,15,24,15,24,342
353950,2024,16,19,24,4,9,164
353970,2023,11,15,17,5,7,38
353980,2024,3,19,22,17,20,633
354000,2023,8,14,16,7,9,41
354000,2024,9,20,23,12,15,75
354020,2023,8,15,20,8,13,75
354020,2024,14,21,25,8,12,89
354050,2024,12,21,26,10,15,42
354060,2023,6,15,20,10,15,403
354060,2024,14,21,23,8,10,352
354070,2024,6,21,27,16,22,309
354075,2023,2,7,7,6,6,100
354075,2023,9,12,19,4,11,178
354080,2024,19,24,27,6,9,112
354085,2023,9,14,17,6,9,72
354090,2023,5,16,21,12,17,157
354100,2024,12,20,22,9,11,464
354105,2024,8,17,22,10,15,31
354110,2023,9,13,16,5,8,16
354120,2023,2,10,17,9,16,356
354130,2023,2,13,15,12,14,105
354140,2023,2,13,19,12,18,3788
354190,2024,9,20,24,12,16,40
354200,2023,13,14,18,2,6,29
354210,2024,5,14,20,10,16,150
354220,2023,7,15,21,9,15,450
354230,2024,6,13,19,8,14,24
354240,2023,10,15,15,6,6,65
354250,2023,10,20,21,11,12,32
354250,2024,5,12,22,8,18,70
354260,2024,4,10,17,7,14,310
354270,2024,2,9,14,8,13,52
354290,2024,12,17,23,6,12,107
354310,2024,4,4,16,1,13,42
354320,2023,2,10,15,9,14,187
354323,2023,6,15,16,10,11,47
354325,2024,15,20,22,6,8,10
354330,2024,9,19,23,11,15,96
354340,2023,10,19,21,10,12,943
354340,2024,3,19,24,17,22,2173
354350,2024,8,17,21,10,14,93
354360,2024,10,15,20,6,11,24
354390,2023,13,17,20,5,8,124
354390,2024,7,20,24,14,18,3436
354400,2023,12,20,23,9,12,30
354400,2024,8,18,24,11,17,30
354410,2024,8,14,20,7,13,34
354420,2024,17,19,22,3,6,26
354425,2023,3,15,20,13,18,275
354430,2023,9,16,18,8,10,11
354430,2024,1,10,21,10,21,59
354460,2023,11,15,17,5,7,6
354460,2024,11,19,21,9,11,17
354470,2023,3,13,18,11,16,65
354480,2024,2,8,12,7,11,41
354490,2023,3,11,19,9,17,30
354500,2024,9,19,23,11,15,53
354510,2023,3,7,17,5,15,71
354515,2024,7,16,23,10,17,216
354520,2023,9,17,22,9,14,174
354520,2024,6,19,24,14,19,622
354530,2024,7,19,24,13,18,276
354540,2023,2,7,16,6,15,189
354550,2023,7,15,19,9,13,108
354560,2023,4,12,21,9,18,50
354580,2024,9,20,22,12,14,494
354600,2023,18,20,22,3,5,10
354600,2024,4,16,21,13,18,217
354610,2024,16,19,22,4,7,42
354620,2024,10,20,24,11,15,22
354625,2024,8,17,23,10,16,45
354630,2024,2,10,17,9,16,367
354640,2023,12,17,20,6,9,340
354640,2024,13,20,22,8,10,415
354650,2023,5,11,19,7,15,84
354670,2024,8,20,25,13,18,228
354680,2024,4,13,22,10,19,884
354700,2023,11,15,20,5,10,40
354700,2024,15,19,22,5,8,32
354710,2023,12,15,18,4,7,120
354730,2024,7,18,23,12,17,623
354750,2024,14,23,27,10,14,138
354770,2023,3,11,17,9,15,135
354780,2024,5,17,24,13,20,2278
354790,2023,15,19,21,5,7,15
354790,2024,4,19,21,16,18,27
354800,2024,7,15,21,9,15,461
354810,2024,3,13,21,11,19,62
354820,2024,8,15,18,8,11,11
354840,2023,11,15,20,5,10,32
354850,2024,8,21,21,14,14,291
354860,2024,6,16,23,11,18,83
354870,2024,9,21,26,13,18,1254
354880,2024,5,18,25,14,21,828
354890,2024,7,21,26,15,20,3182
354910,2024,4,13,24,10,21,663
354930,2023,9,15,21,7,13,54
354960,2024,6,15,21,10,16,21
354970,2024,4,15,21,12,18,668
354980,2024,16,20,21,5,6,1259
354990,2024,4,15,24,12,21,8474
354995,2024,8,21,27,14,20,17
355000,2024,6,15,19,10,14,184
355010,2024,1,13,22,13,22,347
355020,2024,11,20,27,10,17,62
355030,2024,4,20,23,17,20,49442
355040,2024,6,20,26,15,21,268
355050,2023,8,17,23,10,16,102
355050,2024,16,20,23,5,8,79
355060,2024,9,20,25,12,17,198
355070,2023,16,18,21,3,6,156
355070,2024,4,17,24,14,21,822
355080,2024,8,17,23,10,16,93
355110,2024,8,20,22,13,15,56
355120,2024,8,13,17,6,10,22
355140,2023,11,15,17,5,7,16
355140,2024,11,20,21,10,11,32
355150,2024,4,12,18,9,15,687
355160,2024,10,21,26,12,17,31
355180,2024,2,10,16,9,15,37
355190,2024,13,19,22,7,10,75
355200,2024,9,17,23,9,15,27
355210,2024,6,14,23,9,18,502
355220,2023,12,16,22,5,11,506
355220,2024,4,20,25,17,22,4828
355240,2024,8,21,25,14,18,567
355250,2024,3,15,23,13,21,610
355255,2024,18,19,23,2,6,69
355260,2024,8,19,22,12,15,76
355270,2023,2,7,17,6,16,424
355280,2024,8,17,25,10,18,560
355290,2023,9,15,19,7,11,62
355300,2024,7,15,20,9,14,267
355310,2024,14,17,20,4,7,10
355320,2024,14,16,23,3,10,43
355330,2023,15,17,21,3,7,19
355330,2024,4,14,24,11,21,240
355350,2024,14,21,23,8,10,42
355360,2024,4,15,21,12,18,204
355370,2023,2,7,16,6,15,677
355380,2024,11,21,23,11,13,65
355385,2024,17,20,22,4,6,7
355390,2023,2,11,17,10,16,128
355395,2023,14,19,21,6,8,78
355395,2024,6,7,11,2,6,54
355410,2023,13,17,20,5,8,127
355410,2024,1,12,21,12,21,2563
355420,2024,13,21,27,9,15,17
355450,2023,11,17,20,7,10,75
355450,2024,11,19,24,9,14,151
355465,2024,18,26,27,9,10,6
355470,2023,20,27,28,8,9,35
355470,2024,9,17,21,9,13,212
355475,2023,12,15,17,4,6,19
355480,2023,11,13,21,3,11,45
355480,2024,1,8,19,8,19,352
355495,2024,6,15,24,10,19,22
355500,2023,6,13,20,8,15,398
355510,2023,2,5,13,4,12,97
355540,2024,1,11,23,11,23,516
355550,2023,17,20,22,4,6,6
355550,2024,15,20,23,6,9,41
355590,2023,13,15,19,3,7,9
355600,2024,9,21,26,13,18,40
355610,2024,13,20,27,8,15,78
355620,2024,3,13,22,11,20,509
355635,2024,4,11,21,8,18,132
355640,2024,3,12,18,10,16,389
355645,2024,6,19,25,14,20,180
355650,2024,4,15,22,12,19,287
355670,2024,6,20,26,15,21,446
355680,2023,2,11,16,10,15,195
355680,2024,15,20,22,6,8,108
355690,2023,12,18,22,7,11,52
355690,2024,8,14,22,7,15,72
355700,2023,5,15,21,11,17,313
355700,2024,6,15,22,10,17,784
355710,2024,3,20,23,18,21,635
355720,2024,12,20,23,9,12,82
355730,2023,7,13,19,7,13,29
410010,2024,1,5,20,5,20,67
410020,2024,15,21,24,7,10,32
410045,2024,13,20,27,8,15,46
410050,2023,2,16,21,15,20,64
410060,2024,7,14,22,8,16,49
410070,2023,16,22,26,7,11,36
410070,2023,45,52,52,8,8,43
410070,2024,1,6,9,6,9,118
410070,2024,15,18,21,4,7,73
410080,2024,17,23,27,7,11,69
410090,2023,15,19,21,5,7,18
410090,2024,8,9,17,2,10,29
410100,2024,4,12,19,9,16,739
410105,2024,14,20,22,7,9,38
410110,2023,3,15,20,13,18,177
410115,2023,11,14,20,4,10,18
410115,2024,14,20,22,7,9,23
410120,2024,1,9,13,9,13,307
410140,2023,48,50,52,3,5,482
410140,2024,1,4,17,4,17,1555
410150,2024,6,12,20,7,15,1002
410160,2024,8,19,23,12,16,117
410165,2024,3,11,15,9,13,284
410170,2024,1,12,18,12,18,550
410180,2024,13,18,20,6,8,46
410185,2024,4,16,17,13,14,79
410190,2023,13,19,21,7,9,40
410190,2024,10,20,26,11,17,162
410200,2024,7,12,21,6,15,248
410210,2023,4,15,21,12,18,325
410220,2023,13,16,18,4,6,28
410220,2024,1,7,14,7,14,72
410240,2023,10,17,24,8,15,360
410240,2024,6,19,21,14,16,202
410250,2024,6,16,22,11,17,210
410260,2024,5,15,21,11,17,112
410270,2023,15,20,23,6,9,16
410270,2024,14,21,25,8,12,25
410275,2023,13,13,21,1,9,13
410275,2024,4,19,21,16,18,61
410280,2023,9,15,21,7,13,331
410280,2024,13,20,22,8,10,192
410300,2024,9,12,16,4,8,264
410302,2024,6,14,21,9,16,74
410305,2023,16,20,21,5,6,15
410305,2024,2,11,17,10,16,313
410315,2024,9,15,22,7,14,8
410320,2023,9,15,20,7,12,471
410330,2023,18,19,21,2,4,9
410330,2023,47,52,52,6,6,77
410330,2024,1,5,12,5,12,213
410335,2024,11,16,25,6,15,105
410337,2024,8,16,19,9,12,51
410340,2023,7,12,16,6,10,158
410345,2023,12,14,19,3,8,216
410345,2024,7,15,21,9,15,640
410347,2023,5,14,20,10,16,67
410350,2024,2,11,18,10,17,138
410360,2023,11,17,22,7,12,110
410360,2024,14,19,23,6,10,80
410370,2023,10,17,23,8,14,1093
410370,2024,3,12,21,10,19,1583
410380,2023,14,16,22,3,9,11
410380,2024,1,8,20,8,20,99
410390,2024,8,20,22,13,15,169
410395,2024,4,5,9,2,6,2
410400,2024,13,21,22,9,10,24
410405,2024,11,16,23,6,13,46
410430,2024,3,11,17,9,15,849
410440,2024,2,13,22,12,21,229
410442,2024,10,19,25,10,16,40
410445,2024,10,19,25,10,16,516
410450,2023,9,15,21,7,13,468
410450,2024,13,19,21,7,9,376
410460,2023,43,50,52,8,10,121
410460,2024,8,8,14,1,7,75
410465,2024,14,19,22,6,9,17
410470,2024,9,19,22,11,14,125
410480,2024,4,11,20,8,17,6132
410490,2024,13,21,27,9,15,156
410510,2023,4,13,19,10,16,172
410530,2024,7,15,21,9,15,147
410540,2024,6,14,20,9,15,259
410550,2024,8,14,21,7,14,734
410560,2024,16,20,25,5,10,42
410570,2024,8,19,22,12,15,77
410580,2024,10,19,22,10,13,421
410600,2024,6,19,23,14,18,60
410610,2024,8,18,22,11,15,32
410630,2023,15,15,18,1,4,20
410630,2024,5,16,21,12,17,417
410640,2023,15,15,22,1,8,38
410640,2024,1,19,21,19,21,495
410650,2024,11,15,16,5,6,110
410657,2024,7,16,21,10,15,144
410660,2024,4,13,21,10,18,184
410685,2023,9,16,20,8,12,71
410685,2024,4,8,18,5,15,70
410690,2024,10,19,23,10,14,1694
410700,2023,16,19,21,4,6,16
410700,2024,10,20,26,11,17,178
410712,2024,13,21,27,9,15,38
410720,2024,2,14,17,13,16,775
410730,2024,7,14,20,8,14,32
410740,2024,7,16,22,10,16,192
410750,2024,5,12,20,8,16,64
410753,2023,13,19,21,7,9,33
410753,2024,8,14,20,7,13,70
410754,2024,1,8,10,8,10,125
410755,2024,4,12,15,9,12,29
410760,2023,10,16,22,7,13,108
410760,2024,2,12,17,11,16,194
410770,2024,11,12,16,2,6,25
410770,2024,18,21,26,4,9,37
410775,2024,7,16,26,10,20,100
410785,2024,6,20,21,15,16,31
410790,2023,14,19,21,6,8,30
410790,2023,47,47,52,1,6,32
410790,2024,1,4,14,4,14,144
410800,2024,13,18,22,6,10,114
410810,2023,11,15,19,5,9,19
410820,2024,6,16,18,11,13,75
410830,2023,7,15,22,9,16,4612
410830,2024,6,9,9,4,4,375
410832,2024,7,15,20,9,14,77
410840,2024,5,14,20,10,16,1876
410845,2024,16,21,23,6,8,22
410855,2024,2,11,16,10,15,70
410860,2024,2,15,21,14,20,445
410865,2024,16,21,23,6,8,22
410870,2024,5,14,21,10,17,67
410890,2023,10,13,15,4,6,49
410895,2024,12,19,22,8,11,15
410900,2024,6,20,23,15,18,83
410910,2023,11,11,20,1,10,14
410910,2023,42,42,47,1,6,11
410910,2024,3,6,9,4,7,10
410920,2023,4,12,16,9,13,392
410930,2024,3,16,21,14,19,124
410940,2024,8,19,24,12,17,418
410950,2023,10,14,17,5,8,53
410960,2023,11,19,26,9,16,394
410960,2024,5,14,20,10,16,1146
410965,2024,12,20,21,9,10,23
410970,2024,2,13,21,12,20,468
410975,2024,7,15,21,9,15,112
410980,2023,8,15,21,8,14,798
410990,2024,10,19,25,10,16,127
411000,2023,10,16,23,7,14,58
411005,2024,9,14,21,6,13,242
411007,2024,14,20,22,7,9,137
411010,2024,10,15,22,6,13,349
411050,2024,13,17,23,5,11,16
411060,2023,9,17,22,9,14,478
411070,2024,12,19,23,8,12,120
411080,2024,4,13,21,10,18,361
411090,2023,7,11,14,5,8,12
411095,2023,11,15,22,5,12,74
411095,2024,9,19,22,11,14,114
411100,2023,14,15,21,2,8,4
411100,2024,5,12,21,8,17,39
411110,2023,45,50,52,6,8,141
411110,2024,1,2,12,2,12,165
411130,2023,9,15,22,7,14,41
411140,2024,8,19,22,12,15,167
411150,2023,13,19,21,7,9,21
411150,2023,47,52,52,6,6,96
411150,2024,1,4,8,4,8,464
411155,2024,14,14,20,1,7,48
411160,2024,7,21,21,15,15,19
411170,2024,5,15,20,11,16,86
411180,2023,48,52,52,5,5,133
411180,2024,1,3,21,3,21,231
411190,2023,9,19,23,11,15,288
411190,2024,10,19,21,10,12,160
411200,2024,12,20,26,9,15,153
411210,2023,14,19,23,6,10,50
411210,2023,44,52,52,9,9,104
411210,2024,1,12,16,12,16,209
411220,2024,4,11,20,8,17,207
411230,2024,8,21,24,14,17,45
411250,2023,11,15,21,5,11,48
411250,2024,2,12,19,11,18,241
411270,2023,12,16,21,5,10,47
411270,2024,13,21,23,9,11,51
411275,2024,10,18,20,9,11,58
411280,2023,10,14,21,5,12,26
411280,2024,6,20,26,15,21,53
411290,2024,12,18,22,7,11,27
411295,2024,1,8,15,8,15,122
411300,2024,2,11,20,10,19,279
411310,2024,3,10,15,8,13,39
411320,2024,14,19,22,6,9,37
411325,2024,15,20,27,6,13,128
411330,2023,12,15,20,4,9,35
411330,2024,7,19,23,13,17,441
411340,2024,8,14,21,7,14,120
411342,2023,13,20,23,8,11,36
411342,2023,41,47,52,7,12,30
411342,2024,1,5,17,5,17,62
411345,2023,48,50,52,3,5,39
411345,2024,1,4,15,4,15,94
411370,2023,8,15,22,8,15,5440
411370,2024,4,14,21,11,18,2999
411373,2023,48,52,52,5,5,102
411373,2024,1,3,13,3,13,260
411375,2023,46,48,52,3,7,52
411375,2024,1,3,12,3,12,60
411380,2023,1,10,15,10,15,90
411390,2024,14,20,22,7,9,8
411400,2024,8,16,20,9,13,95
411410,2024,8,16,21,9,14,175
411420,2023,15,20,21,6,7,46
411420,2024,1,12,17,12,17,430
411435,2024,10,19,21,10,12,26
411440,2024,10,16,21,7,12,110
411450,2024,5,14,21,10,17,152
411460,2024,8,16,21,9,14,610
411470,2023,1,9,15,9,15,97
411480,2023,12,19,22,8,11,33
411480,2024,2,14,21,13,20,395
411490,2024,1,14,21,14,21,146
411500,2023,1,7,19,7,19,51
411510,2023,45,52,52,8,8,208
411510,2024,1,3,14,3,14,363
411520,2023,12,20,20,9,9,330
411520,2024,3,14,21,12,19,1693
411530,2024,8,12,14,5,7,8
411535,2024,5,10,17,6,13,123
411540,2024,7,16,22,10,16,222
411545,2024,9,20,22,12,14,28
411550,2024,13,16,20,4,8,42
411570,2023,11,17,23,7,13,360
411570,2024,6,12,18,7,13,204
411573,2024,13,17,23,5,11,31
411575,2024,3,13,19,11,17,196
411580,2024,8,17,21,10,14,359
411590,2024,1,4,4,4,4,24
411590,2024,9,14,21,6,13,64
411600,2023,7,16,20,10,14,37
411605,2024,8,19,24,12,17,108
411610,2024,2,15,20,14,19,226
411620,2024,4,14,21,11,18,102
411630,2023,9,18,21,10,13,52
411640,2023,1,7,15,7,15,76
411650,2024,4,8,10,5,7,15
411660,2024,3,8,20,6,18,91
411670,2023,13,20,22,8,10,118
411670,2024,7,19,21,13,15,356
411680,2024,10,19,22,10,13,113
411695,2024,7,12,19,6,13,185
411700,2023,9,15,21,7,13,174
411705,2024,6,13,21,8,16,187
411710,2023,5,15,18,11,14,164
411720,2023,15,18,20,4,6,60
411721,2023,11,15,20,5,10,10
411721,2024,10,20,23,11,14,70
411725,2024,11,17,21,7,11,126
411727,2023,18,19,24,2,7,11
411727,2023,46,52,52,7,7,48
411727,2024,1,4,15,4,15,114
411729,2023,13,16,22,4,10,28
411729,2024,3,12,21,10,19,78
411730,2023,16,17,21,2,6,16
411730,2024,3,12,20,10,18,307
411745,2023,19,22,24,4,6,7
411745,2024,8,16,22,9,15,51
411750,2024,7,12,14,6,8,66
411770,2024,11,20,25,10,15,292
411780,2024,8,20,22,13,15,482
411790,2024,6,11,21,6,16,339
411800,2023,13,15,23,3,11,18
411800,2024,1,8,22,8,22,73
411820,2023,10,18,25,9,16,506
411820,2024,6,14,21,9,16,254
411840,2024,1,6,16,6,16,484
411845,2024,13,16,20,4,8,49
411850,2024,10,20,21,11,12,520
411880,2024,1,4,13,4,13,144
411885,2024,4,17,20,14,17,183
411890,2023,9,16,23,8,15,99
411890,2024,11,16,21,6,11,74
411900,2024,7,14,20,8,14,183
411915,2024,7,20,24,14,18,298
411920,2024,8,15,23,8,16,39
411930,2024,11,21,23,11,13,46
411940,2024,14,21,26,8,13,72
411950,2024,13,19,22,7,10,60
411960,2024,5,13,21,9,17,249
411965,2024,11,16,20,6,10,74
411970,2024,1,4,14,4,14,83
411980,2023,10,15,21,6,12,408
411980,2024,5,15,21,11,17,808
411990,2024,8,19,25,12,18,2136
411995,2023,10,13,25,4,16,153
411995,2024,4,12,21,9,18,160
412000,2023,12,18,22,7,11,81
412015,2024,5,19,21,15,17,15
412033,2023,7,15,21,9,15,126
412033,2024,12,20,24,9,13,92
412035,2024,6,15,20,10,15,236
412040,2024,9,19,22,11,14,18
412050,2024,10,21,26,12,17,248
412060,2024,10,19,25,10,16,110
412065,2024,3,12,19,10,17,123
412070,2023,14,20,21,7,8,11
412070,2024,9,15,23,7,15,132
412080,2024,14,17,21,4,8,15
412085,2024,4,12,16,9,13,89
412090,2024,1,8,13,8,13,845
412100,2023,13,17,25,5,13,24
412100,2023,42,51,52,10,11,53
412100,2024,1,2,8,2,8,53
412110,2024,1,10,16,10,16,132
412125,2024,7,14,22,8,16,59
412130,2024,5,14,21,10,17,66
412140,2024,3,12,17,10,15,269
412150,2024,11,20,22,10,12,151
412160,2024,12,19,25,8,14,59
412170,2024,8,19,21,12,14,227
412175,2024,12,18,21,7,10,22
412180,2023,17,19,21,3,5,13
412180,2024,7,21,26,15,20,96
412190,2024,3,8,13,6,11,80
412200,2024,15,20,22,6,8,10
412210,2024,4,15,24,12,21,37
412215,2023,18,20,21,3,4,16
412215,2024,6,14,17,9,12,224
412217,2024,4,11,16,8,13,72
412230,2024,14,14,20,1,7,16
412240,2024,3,13,21,11,19,725
412250,2024,4,11,19,8,16,303
412260,2023,5,15,20,11,16,81
412265,2024,8,20,25,13,18,64
412270,2023,14,19,22,6,9,18
412270,2024,7,16,21,10,15,140
412280,2024,10,16,22,7,13,110
412290,2024,10,15,23,6,14,54
412300,2024,4,7,9,4,6,195
412310,2023,45,52,52,8,8,93
412320,2023,10,15,23,6,14,31
412320,2024,19,26,27,8,9,33
412330,2023,10,15,24,6,15,42
412340,2023,4,15,20,12,17,86
412350,2024,9,19,25,11,17,1504
412360,2023,11,15,20,5,10,136
412370,2024,16,20,21,5,6,67
412380,2023,47,52,52,6,6,115
412380,2024,1,4,15,4,15,160
412382,2024,2,11,17,10,16,230
412385,2024,8,15,24,8,17,46
412390,2023,9,11,17,3,9,29
412390,2024,12,21,25,10,14,118
412395,2024,12,19,23,8,12,17
412402,2024,4,12,19,9,16,362
412405,2023,3,13,18,11,16,389
412405,2024,12,19,21,8,10,135
412410,2023,15,19,23,5,9,45
412410,2024,2,13,20,12,19,480
412430,2024,13,19,25,7,13,25
412440,2024,5,14,20,10,16,686
412450,2023,13,15,19,3,7,29
412460,2024,7,17,21,11,15,60
412470,2023,14,18,18,5,5,7
412470,2024,4,20,22,17,19,65
412480,2023,10,15,22,6,13,196
412480,2024,8,15,21,8,14,442
412490,2023,15,18,25,4,11,8
412490,2024,2,11,18,10,17,56
412500,2024,1,11,15,11,15,134
412520,2023,12,15,21,4,10,40
412520,2024,7,14,21,8,15,249
412530,2024,14,14,20,1,7,42
412535,2023,13,18,20,6,8,33
412540,2024,11,19,26,9,16,56
412545,2023,10,13,16,4,7,14
412545,2023,19,20,24,2,6,16
412545,2024,9,19,22,11,14,46
412555,2024,11,16,23,6,13,28
412560,2024,13,19,22,7,10,18
412570,2023,10,15,21,6,12,206
412570,2024,10,14,25,5,16,211
412575,2024,5,16,21,12,17,28
412580,2023,10,15,22,6,13,47
412580,2024,5,19,21,15,17,137
412590,2023,2,5,7,4,6,16
412610,2024,11,20,22,10,12,126
412620,2024,10,20,23,11,14,94
412625,2023,13,20,21,8,9,152
412625,2024,3,15,21,13,19,720
412627,2024,6,14,20,9,15,103
412630,2024,12,19,21,8,10,203
412635,2024,15,21,21,7,7,31
412640,2023,13,20,23,8,11,43
412640,2024,9,14,21,6,13,81
412650,2023,13,15,19,3,7,103
412650,2024,17,19,22,3,6,164
412660,2024,2,14,21,13,20,344
412665,2024,10,14,20,5,11,109
412667,2023,14,15,17,2,4,18
412667,2023,19,20,23,2,5,26
412667,2024,4,15,21,12,18,269
412670,2023,37,52,52,16,16,25
412670,2024,1,3,12,3,12,42
412690,2024,12,18,22,7,11,200
412710,2024,8,17,22,10,15,1136
412730,2023,9,15,23,7,15,85
412740,2023,15,19,24,5,10,128
412740,2024,1,8,16,8,16,326
412770,2024,4,17,21,14,18,1926
412780,2023,11,14,17,4,7,19
412780,2024,7,11,23,5,17,19
412785,2023,15,19,22,5,8,59
412785,2024,3,11,16,9,14,340
412790,2023,40,45,46,6,7,20
412790,2024,2,7,20,6,19,144
412795,2024,4,13,21,10,18,125
412796,2024,10,15,15,6,6,14
412810,2024,4,19,21,16,18,969
412820,2024,15,20,22,6,8,37
412830,2024,4,8,9,5,6,14
412830,2024,11,15,16,5,6,9
412840,2024,12,18,25,7,14,74
412850,2024,8,20,25,13,18,374
412853,2024,10,20,23,11,14,14
412855,2024,12,16,21,5,10,112
412860,2024,10,15,20,6,11,83
412862,2024,9,19,21,11,13,16
412865,2024,11,15,22,5,12,26
412870,2024,7,17,21,11,15,165
412880,2023,14,20,20,7,7,18
412880,2024,1,14,23,14,23,69
420050,2023,13,20,22,8,10,38
420050,2024,5,19,21,15,17,147
420055,2023,14,19,20,6,7,10
420055,2024,16,17,24,2,9,10
420060,2023,11,17,18,7,8,5
420080,2024,15,17,22,3,8,46
420120,2023,15,16,20,2,6,22
420125,2023,42,49,51,8,10,30
420125,2024,2,10,11,9,10,69
420127,2023,13,18,18,6,6,4
420130,2023,11,20,25,10,15,162
420130,2024,1,13,21,13,21,424
420160,2024,12,17,20,6,9,2
420165,2024,13,18,21,6,9,9
420180,2024,14,17,19,4,6,2
420200,2023,11,17,24,7,14,574
420200,2024,7,16,21,10,15,764
420205,2023,13,20,25,8,13,65
420205,2024,7,15,21,9,15,267
420208,2024,16,21,26,6,11,5
420210,2023,12,20,25,9,14,151
420210,2024,6,17,21,12,16,347
420220,2024,13,15,21,3,9,6
420230,2023,10,20,24,11,15,246
420240,2024,5,15,21,11,17,6372
420245,2023,12,20,24,9,13,57
420245,2024,7,12,17,6,11,186
420253,2024,9,14,20,6,12,310
420280,2024,11,20,21,10,11,91
420290,2024,12,15,21,4,10,373
420320,2023,12,17,24,6,13,252
420320,2024,5,11,23,7,19,217
420350,2024,8,19,21,12,14,103
420360,2024,14,17,21,4,8,20
420370,2023,16,17,25,2,10,9
420370,2024,9,12,21,4,13,16
420390,2024,11,21,23,11,13,56
420410,2024,8,16,21,9,14,71
420420,2024,8,16,21,9,14,1111
420430,2024,14,19,21,6,8,377
420450,2024,11,20,24,10,14,33
420470,2024,15,20,22,6,8,92
420475,2024,13,19,21,7,9,21
420490,2024,12,21,21,10,10,11
420500,2024,8,16,21,9,14,30
420515,2024,13,15,18,3,6,3
420517,2024,11,19,21,9,11,124
420530,2024,11,13,20,3,10,8
420540,2023,9,15,22,7,14,4007
420540,2024,13,17,19,5,7,1189
420543,2024,8,14,21,7,14,46
420560,2024,10,20,22,11,13,29
420580,2023,12,19,24,8,13,131
420580,2024,10,17,25,8,16,278
420590,2024,8,20,21,13,14,304
420600,2023,12,15,26,4,15,17
420600,2024,13,17,21,5,9,23
420630,2024,11,14,16,4,6,34
420650,2024,10,20,25,11,16,58
420660,2024,7,16,21,10,15,55
420665,2024,9,20,22,12,14,40
420670,2024,12,19,22,8,11,46
420710,2024,6,15,20,10,15,43
420750,2024,7,14,21,8,15,1155
420760,2024,14,20,23,7,10,86
420768,2024,10,19,21,10,12,77
420785,2024,16,19,21,4,6,30
420820,2023,14,20,27,7,14,592
420820,2024,4,13,21,10,18,4196
420830,2023,10,17,23,8,14,198
420830,2024,8,16,20,9,13,158
420840,2023,12,14,19,3,8,44
420840,2024,1,12,20,12,20,412
420845,2024,6,17,22,12,17,394
420890,2024,8,20,24,13,17,2125
420895,2024,16,19,21,4,6,70
420910,2023,10,15,24,6,15,4209
420910,2024,6,16,21,11,16,6468
420917,2024,13,18,23,6,11,13
420945,2024,14,16,23,3,10,7
421000,2024,8,20,23,13,16,42
421003,2024,12,20,22,9,11,7
421020,2024,15,15,22,1,8,5
421055,2024,11,15,21,5,11,16
421060,2024,10,21,24,12,15,24
421090,2024,14,20,22,7,9,16
421100,2024,13,17,20,5,8,94
421130,2023,13,20,24,8,12,253
421130,2024,6,16,21,11,16,754
421140,2024,9,16,20,8,12,67
421145,2024,16,21,21,6,6,20
421150,2023,14,17,20,4,7,10
421150,2024,8,17,21,10,14,61
421165,2024,12,17,21,6,10,72
421180,2024,14,21,21,8,8,13
421190,2023,4,15,22,12,19,1357
421200,2024,11,20,23,10,13,47
421223,2024,17,20,22,4,6,32
421225,2024,14,18,21,5,8,7
421227,2024,11,16,16,6,6,5
421230,2023,13,21,23,9,11,12
421250,2023,13,19,24,7,12,61
421250,2024,3,13,20,11,18,212
421280,2023,13,20,25,8,13,79
421280,2024,5,13,18,9,14,208
421290,2024,9,20,22,12,14,154
421310,2024,14,19,21,6,8,27
421315,2024,12,20,23,9,12,24
421320,2024,8,15,21,8,14,55
421340,2024,13,17,19,5,7,4
421350,2023,13,19,25,7,13,83
421350,2024,8,16,21,9,14,155
421360,2024,12,20,22,9,11,34
421370,2024,17,20,22,4,6,11
421415,2024,14,18,21,5,8,17
421420,2023,11,15,20,5,10,47
421420,2024,16,20,21,5,6,40
421470,2024,11,17,21,7,11,8
421480,2024,13,20,22,8,10,42
421507,2024,13,20,21,8,9,65
421510,2024,9,20,22,12,14,21
421570,2023,10,20,24,11,15,45
421575,2024,14,20,23,7,10,20
421600,2024,11,17,21,7,11,292
421610,2024,13,21,23,9,11,370
421620,2023,12,18,24,7,13,224
421620,2024,7,12,21,6,15,411
421625,2024,13,16,21,4,9,46
421630,2023,12,17,22,6,11,46
421630,2024,4,15,21,12,18,154
421635,2024,12,15,22,4,11,4
421660,2023,9,17,22,9,14,1642
421690,2024,8,16,21,9,14,84
421700,2023,15,19,22,5,8,8
421720,2024,11,20,21,10,11,253
421725,2023,13,15,21,3,9,15
421730,2023,13,17,21,5,9,75
421740,2024,12,19,24,8,13,21
421755,2024,13,19,21,7,9,11
421800,2023,15,20,25,6,11,81
421800,2024,2,15,19,14,18,422
421820,2024,7,19,23,13,17,335
421850,2024,10,12,16,3,7,16
421875,2024,13,19,21,7,9,55
421885,2023,12,15,20,4,9,34
421950,2024,14,20,21,7,8,158
421970,2024,9,16,21,8,13,289
430030,2024,6,16,21,11,16,82
430040,2023,18,21,24,4,7,38
430045,2024,8,17,21,10,14,50
430050,2024,10,20,21,11,12,32
430060,2024,8,20,26,13,19,734
430064,2024,14,20,21,7,8,54
430070,2023,9,16,18,8,10,25
430087,2024,13,19,21,7,9,30
430120,2024,13,20,22,8,10,26
430150,2023,11,15,21,5,11,20
430155,2024,16,22,23,7,8,8
430170,2024,10,14,18,5,9,13
430185,2023,48,52,52,5,5,81
430185,2024,1,2,6,2,6,81
430195,2024,14,17,22,4,9,15
430222,2024,12,17,21,6,10,9
430235,2024,10,14,16,5,7,12
430237,2024,8,16,20,9,13,92
430250,2024,13,15,19,3,7,20
430258,2024,15,16,20,2,6,8
430260,2024,7,14,20,8,14,34
430270,2024,13,16,21,4,9,51
430300,2024,8,14,21,7,14,139
430310,2023,12,21,23,10,12,273
430310,2024,9,17,23,9,15,1380
430330,2024,11,18,21,8,11,12
430340,2024,8,14,21,7,14,106
430370,2024,8,19,21,12,14,58
430390,2024,8,20,22,13,15,607
430400,2024,7,17,20,11,14,109
430420,2024,12,20,21,9,10,32
430430,2024,7,17,20,11,14,37
430460,2024,5,15,21,11,17,1046
430463,2024,13,16,22,4,10,52
430468,2024,6,16,18,11,13,54
430490,2024,13,17,18,5,6,11
430500,2023,15,19,27,5,13,11
430500,2024,8,20,21,13,14,121
430520,2024,3,11,20,9,18,343
430530,2024,14,20,21,7,8,33
430540,2024,11,20,21,10,11,49
430550,2024,13,19,22,7,10,4
430570,2024,8,15,20,8,13,111
430587,2023,13,15,21,3,9,5
430587,2024,9,15,20,7,12,37
430590,2024,8,17,21,10,14,71
430597,2024,11,11,18,1,8,4
430600,2024,5,14,20,10,16,334
430610,2024,8,19,21,12,14,345
430632,2024,1,10,16,10,16,56
430635,2024,9,17,19,9,11,11
430642,2024,9,15,22,7,14,26
430670,2024,14,15,19,2,6,3
430673,2024,7,15,20,9,14,92
430675,2023,12,16,18,5,7,7
430680,2023,4,13,21,10,18,211
430692,2024,12,14,17,3,6,11
430693,2023,16,20,22,5,7,15
430693,2024,10,16,21,7,12,47
430697,2024,14,14,21,1,8,4
430720,2024,12,17,17,6,6,9
430730,2024,8,19,22,12,15,82
430745,2024,7,16,21,10,15,88
430750,2024,14,16,23,3,10,18
430760,2024,8,17,19,10,12,198
430770,2024,9,17,27,9,19,326
430780,2023,11,20,24,10,14,93
430780,2024,8,17,18,10,11,117
430783,2024,12,20,21,9,10,31
430800,2024,8,16,16,9,9,11
430810,2024,11,16,17,6,7,15
430845,2024,11,20,21,10,11,20
430850,2024,3,10,20,8,18,399
430865,2024,16,20,22,5,7,6
430870,2024,10,17,21,8,12,14
430900,2024,7,19,21,13,15,216
430910,2024,7,9,17,3,11,22
430920,2024,10,20,23,11,14,356
430940,2023,15,19,20,5,6,20
430950,2024,6,17,20,12,15,83
430955,2024,15,17,22,3,8,7
430960,2024,13,16,21,4,9,140
430970,2024,9,15,20,7,12,192
431000,2023,9,16,21,8,13,105
431020,2023,9,16,23,8,15,702
431020,2024,14,20,21,7,8,325
431033,2024,10,17,21,8,12,46
431040,2023,15,17,23,3,9,16
431040,2024,5,15,18,11,14,232
431041,2024,9,17,22,9,14,43
431050,2024,2,14,20,13,19,137
431053,2023,16,20,22,5,7,7
431053,2024,9,10,14,2,6,5
431080,2023,12,16,22,5,11,141
431080,2024,12,17,18,6,7,91
431110,2023,13,18,23,6,11,67
431115,2023,8,12,17,5,10,68
431142,2024,18,18,23,1,6,7
431160,2024,10,15,20,6,11,95
431162,2023,13,17,21,5,9,26
431170,2023,11,13,19,3,9,16
431180,2023,13,15,21,3,9,24
431180,2024,13,16,22,4,10,36
431220,2024,12,19,21,8,10,12
431230,2024,6,15,21,10,16,120
431240,2024,13,17,20,5,8,42
431242,2023,15,17,24,3,10,4
431247,2024,12,14,20,3,9,7
431260,2023,11,16,21,6,11,40
431265,2023,7,14,22,8,16,103
431270,2024,12,21,24,10,13,40
431300,2023,12,15,18,4,7,7
431301,2024,12,17,21,6,10,44
431306,2024,7,14,21,8,15,98
431310,2023,13,17,23,5,11,27
431310,2024,12,15,17,4,6,22
431337,2024,5,17,18,13,14,118
431340,2024,4,12,21,9,18,1379
431342,2024,13,16,21,4,9,54
431344,2024,16,20,21,5,6,16
431349,2023,13,19,21,7,9,18
431349,2024,14,20,21,7,8,43
431360,2024,12,17,21,6,10,17
431370,2024,9,17,20,9,12,129
431380,2024,8,16,20,9,13,133
431390,2024,10,19,21,10,12,155
431405,2024,10,16,20,7,11,128
431410,2023,13,15,21,3,9,109
431410,2024,10,19,21,10,12,230
431415,2024,12,20,20,9,9,17
431430,2024,14,20,21,7,8,9
431449,2024,3,9,18,7,16,75
431455,2024,14,17,21,4,8,5
431470,2024,13,21,21,9,9,308
431478,2024,12,15,17,4,6,24
431480,2024,8,15,21,8,14,330
431490,2023,14,19,22,6,9,714
431490,2024,7,17,22,11,16,2528
431500,2024,4,14,20,11,17,108
431505,2024,12,12,20,1,9,80
431507,2024,9,20,21,12,13,14
431510,2024,7,14,21,8,15,92
431535,2023,16,20,22,5,7,4
431540,2024,6,13,19,8,14,263
431555,2024,14,19,21,6,8,8
431580,2023,11,18,21,8,11,30
431595,2024,8,16,20,9,13,7
431600,2024,12,20,23,9,12,46
431610,2024,15,20,23,6,9,14
431630,2024,10,19,21,10,12,43
431642,2024,10,19,21,10,12,45
431643,2024,15,20,21,6,7,6
431645,2024,14,20,25,7,12,22
431647,2024,8,17,20,10,13,61
431660,2023,10,15,18,6,9,56
431660,2024,13,19,21,7,9,46
431675,2024,15,17,21,3,7,12
431680,2024,9,17,20,9,12,367
431690,2023,11,17,25,7,15,1692
431690,2024,7,17,21,11,15,1164
431720,2024,6,14,20,9,15,1787
431750,2024,9,16,21,8,13,450
431760,2024,13,20,20,8,8,21
431770,2024,3,6,8,4,6,9
431770,2024,12,15,18,4,7,17
431775,2024,10,14,16,5,7,5
431780,2024,6,19,21,14,16,238
431790,2024,6,15,22,10,17,86
431800,2024,7,19,22,13,16,176
431845,2024,15,19,21,5,7,17
431848,2024,12,19,21,8,10,14
431849,2024,11,19,21,9,11,28
431870,2024,4,16,18,13,15,1378
431890,2024,7,15,21,9,15,156
431910,2024,7,19,21,13,15,268
431915,2024,11,19,25,9,15,40
431920,2024,11,16,19,6,9,26
431930,2024,6,15,20,10,15,72
431936,2024,10,13,17,4,8,13
431937,2024,8,19,21,12,14,39
431940,2023,15,16,22,2,8,10
431950,2024,9,16,21,8,13,40
431960,2024,13,16,21,4,9,19
431971,2023,13,13,19,1,7,3
431973,2024,8,17,21,10,14,50
431990,2024,10,17,20,8,11,479
432000,2024,7,16,25,10,19,550
432010,2024,10,21,22,12,13,478
432020,2024,12,19,21,8,10,103
432023,2024,10,16,21,7,12,57
432030,2023,12,18,21,7,10,14
432030,2024,13,19,21,7,9,13
432032,2024,10,16,21,7,12,31
432040,2024,7,14,20,8,14,39
432057,2024,11,14,22,4,12,18
432065,2024,11,15,17,5,7,7
432080,2024,11,13,21,3,11,20
432090,2023,13,15,20,3,8,40
432090,2024,15,15,21,1,7,18
432100,2023,15,20,22,6,8,7
432100,2024,13,20,22,8,10,40
432120,2024,12,15,26,4,15,62
432132,2024,7,15,21,9,15,27
432140,2024,1,8,14,8,14,548
432145,2024,11,14,20,4,10,78
432147,2024,5,14,20,10,16,79
432150,2024,11,17,23,7,13,66
432160,2024,11,16,21,6,11,69
432170,2024,13,17,21,5,9,179
432180,2023,13,16,17,4,5,25
432180,2023,20,20,23,1,4,24
432180,2024,4,14,21,11,18,364
432190,2024,3,11,19,9,17,653
432195,2024,13,20,22,8,10,32
432210,2024,11,16,21,6,11,72
432220,2024,11,11,19,1,9,7
432225,2024,13,15,21,3,9,7
432230,2024,8,16,21,9,14,106
432234,2024,13,17,21,5,9,12
432240,2024,11,13,19,3,9,45
432260,2024,10,16,21,7,12,283
432270,2024,7,17,21,11,15,408
432285,2023,14,15,19,2,6,2
432300,2024,12,20,22,9,11,155
432310,2024,9,15,21,7,13,108
432320,2024,12,20,22,9,11,14
432350,2024,6,15,21,10,16,63
432370,2024,1,8,16,8,16,67
432375,2024,13,20,22,8,10,25
500020,2023,2,3,7,2,6,18
500020,2023,9,13,15,5,7,19
500025,2023,5,12,15,8,11,41
500060,2024,9,15,20,7,12,86
500070,2023,3,10,15,8,13,21
500080,2023,8,13,18,6,11,106
500090,2023,9,14,17,6,9,57
500110,2023,9,10,15,2,7,22
500124,2024,1,3,7,3,7,114
500190,2023,10,15,21,6,12,38
500200,2023,2,7,13,6,12,65
500210,2023,2,16,18,15,17,94
500215,2023,1,9,16,9,16,44
500220,2023,1,2,7,2,7,272
500230,2023,8,13,19,6,12,23
500240,2023,5,17,22,13,18,88
500240,2024,14,20,22,7,9,98
500280,2023,1,2,5,2,5,22
500280,2023,7,11,13,5,7,34
500290,2023,2,10,17,9,16,57
500295,2024,1,11,17,11,17,159
500315,2023,8,14,21,7,14,54
500315,2024,4,12,16,9,13,285
500320,2023,4,7,13,4,10,278
500325,2023,15,19,25,5,11,26
500325,2024,1,8,21,8,21,107
500350,2023,14,17,21,4,8,26
500375,2023,10,17,22,8,13,46
500380,2023,13,15,20,3,8,21
500400,2023,9,11,16,3,8,11
500410,2023,1,2,7,2,7,14
500430,2023,12,15,17,4,6,12
500430,2024,8,20,22,13,15,70
500450,2023,3,13,18,11,16,103
500460,2023,12,15,20,4,9,45
500460,2024,15,20,22,6,8,79
500470,2023,9,16,23,8,15,133
500480,2023,15,19,23,5,9,18
500480,2024,7,20,21,14,15,25
500490,2023,2,6,9,5,8,21
500490,2023,13,13,19,1,7,58
500500,2023,2,3,7,2,6,40
500500,2023,9,13,21,5,13,80
500515,2023,8,11,21,4,14,48
500515,2024,11,19,20,9,10,59
500520,2023,2,10,14,9,13,52
500525,2023,7,15,22,9,16,44
500540,2023,4,15,21,12,18,119
500568,2024,6,11,19,6,14,246
500570,2023,9,20,25,12,17,174
500570,2024,12,20,21,9,10,112
500625,2023,10,14,23,5,14,24
500627,2024,7,17,21,11,15,25
500635,2024,1,5,11,5,11,37
500640,2023,9,11,15,3,7,20
500660,2023,9,14,20,6,12,198
500660,2024,9,15,20,7,12,201
500720,2023,8,12,15,5,8,16
500740,2023,1,7,12,7,12,27
500770,2024,8,8,15,1,8,29
500790,2023,6,11,16,6,11,84
500793,2023,6,13,17,8,12,39
500795,2024,6,8,11,3,6,18
500797,2023,12,14,19,3,8,10
500830,2023,9,13,18,5,10,405
500840,2023,11,22,22,12,12,18
510020,2023,4,6,10,3,7,64
510035,2024,13,17,20,5,8,22
510040,2024,15,21,27,7,13,74
510050,2024,10,16,16,7,7,105
510060,2024,11,19,21,9,11,30
510080,2023,11,12,18,2,8,10
510100,2024,11,15,18,5,8,10
510125,2023,13,17,20,5,8,22
510125,2023,22,25,27,4,6,10
510125,2024,16,21,26,6,11,54
510130,2024,15,15,22,1,8,24
510170,2024,9,17,21,9,13,235
510180,2024,7,8,13,2,7,67
510250,2023,7,14,21,8,15,50
510250,2024,11,19,27,9,17,442
510260,2023,18,19,23,2,6,11
510267,2023,7,20,24,14,18,51
510267,2023,47,51,52,5,6,47
510267,2024,1,5,12,5,12,170
510268,2023,7,20,27,14,21,50
510279,2024,3,12,12,10,10,16
510285,2023,10,16,21,7,12,14
510285,2024,11,18,19,8,9,10
510310,2024,3,6,11,4,9,73
510320,2023,2,6,8,5,7,60
510330,2023,5,7,20,3,16,78
510336,2023,20,25,26,6,7,12
510336,2024,16,18,21,3,6,24
510337,2023,2,5,13,4,12,17
510360,2024,8,12,13,5,6,10
510390,2024,5,8,12,4,8,74
510460,2023,2,7,10,6,9,33
510480,2024,7,10,14,4,8,56
510510,2023,4,6,9,3,6,23
510515,2023,2,7,12,6,11,50
510517,2023,5,10,21,6,17,25
510523,2024,19,25,27,7,9,20
510615,2023,1,3,4,3,4,14
510618,2024,9,13,18,5,10,26
510620,2024,6,8,12,3,7,17
510622,2024,11,20,25,10,15,199
510623,2024,14,19,21,6,8,30
510625,2023,1,6,10,6,10,89
510626,2024,12,18,25,7,14,34
510629,2024,6,8,13,3,8,63
510630,2023,8,20,24,13,17,78
510630,2024,11,15,21,5,11,82
510637,2023,5,8,12,4,8,8
510637,2023,16,21,23,6,8,20
510637,2024,5,5,10,1,6,16
510642,2023,48,51,52,4,5,26
510642,2024,1,5,12,5,12,54
510670,2023,3,11,12,9,10,27
510675,2023,8,15,19,8,12,37
510675,2024,2,17,23,16,22,82
510682,2023,10,10,15,1,6,7
510682,2023,17,21,31,5,15,21
510700,2023,1,6,11,6,11,24
510704,2023,1,15,20,15,20,305
510704,2024,14,19,21,6,8,203
510706,2024,8,12,14,5,7,77
510710,2024,16,17,21,2,6,149
510715,2023,13,14,19,2,7,12
510729,2023,1,6,7,6,7,8
510740,2024,5,12,20,8,16,14
510757,2023,6,9,16,4,11,15
510760,2023,7,16,25,10,19,170
510776,2024,22,27,27,6,6,32
510780,2023,12,13,17,2,6,25
510787,2023,4,10,19,7,16,46
510788,2023,8,10,15,3,8,4
510795,2023,15,17,20,3,6,98
510795,2024,1,8,14,8,14,491
510805,2024,1,10,17,10,17,33
510810,2023,8,13,16,6,9,9
510880,2023,49,52,52,4,4,15
510880,2024,1,2,6,2,6,55
520005,2024,8,12,18,5,11,50
520010,2024,8,16,21,9,14,263
520013,2024,8,19,21,12,14,184
520017,2024,4,8,11,5,8,34
520020,2024,8,20,23,13,16,16
520025,2023,46,51,52,6,7,858
520025,2024,1,4,11,4,11,1169
520030,2024,2,10,18,9,17,357
520055,2024,7,8,12,2,6,52
520060,2024,2,15,23,14,22,57
520080,2024,4,11,20,8,17,29
520082,2024,3,6,10,4,8,7
520085,2024,17,21,23,5,7,26
520090,2024,6,9,12,4,7,18
520110,2024,2,16,21,15,20,2621
520130,2024,14,16,21,3,8,76
520140,2024,4,9,20,6,17,1236
520150,2024,7,9,17,3,11,26
520215,2023,11,15,20,5,10,25
520215,2024,16,20,27,5,12,32
520260,2024,1,4,10,4,10,66
520280,2024,16,20,23,5,8,35
520320,2024,5,10,21,6,17,94
520340,2024,6,11,12,6,7,28
520380,2024,4,12,18,9,15,105
520396,2024,6,11,16,6,11,26
520400,2024,9,14,15,6,7,31
520440,2024,4,10,10,7,7,56
520450,2024,5,12,20,8,16,461
520470,2024,2,6,14,5,13,82
520480,2024,14,16,20,3,7,22
520485,2024,5,19,22,15,18,40
520490,2024,6,17,21,12,16,106
520500,2024,9,16,21,8,13,68
520505,2023,9,11,17,3,9,12
520505,2024,15,17,21,3,7,16
520510,2024,4,16,21,13,18,513
520530,2024,2,12,18,11,17,113
520540,2024,4,16,23,13,20,122
520545,2024,18,20,25,3,8,15
520547,2024,14,20,21,7,8,58
520549,2024,2,8,15,7,14,649
520551,2024,2,5,17,4,16,133
520552,2024,2,11,21,10,20,25
520580,2024,14,17,21,4,8,44
520590,2024,15,16,20,2,6,22
520620,2024,2,11,21,10,20,420
520630,2024,12,15,21,4,10,11
520640,2024,7,10,18,4,12,33
520660,2024,15,17,21,3,7,24
520670,2024,3,9,19,7,17,58
520710,2024,9,18,22,10,14,36
520753,2024,14,20,24,7,11,54
520780,2024,17,20,26,4,10,70
520790,2024,12,16,21,5,10,15
520800,2024,4,16,22,13,19,581
520815,2024,12,18,21,7,10,42
520830,2024,11,16,19,6,9,41
520840,2024,10,12,21,3,12,95
520860,2024,11,11,22,1,12,140
520870,2024,4,15,21,12,18,2802
520880,2024,10,17,18,8,9,52
520890,2024,11,15,20,5,10,77
520910,2024,15,18,20,4,6,58
520920,2024,14,17,21,4,8,74
520929,2024,14,18,19,5,6,29
520940,2024,4,11,14,8,11,27
520960,2024,16,23,25,8,10,13
520970,2024,11,16,17,6,7,66
520980,2024,6,6,11,1,6,5
520980,2024,13,19,19,7,7,11
520990,2024,3,10,14,8,12,341
520995,2024,9,18,21,10,13,22
521000,2024,15,21,23,7,9,202
521010,2024,11,17,21,7,11,98
521015,2024,2,10,11,9,10,41
521020,2024,2,5,21,4,20,504
521030,2024,16,20,22,5,7,22
521080,2024,14,15,19,2,6,16
521090,2024,7,17,19,11,13,35
521120,2024,5,17,23,13,19,173
521140,2024,10,18,21,9,12,49
521160,2024,5,12,15,8,11,20
521180,2024,8,15,23,8,16,175
521205,2024,5,19,21,15,17,45
521230,2024,7,11,21,5,15,30
521250,2024,2,12,20,11,19,1394
521270,2024,9,15,20,7,12,69
521280,2024,1,6,9,6,9,64
521290,2024,12,15,19,4,8,11
521295,2024,5,9,16,5,12,8
521300,2024,14,18,21,5,8,30
521305,2024,2,4,12,3,11,20
521308,2024,5,6,11,2,7,59
521308,2024,13,14,21,2,9,233
521310,2024,4,11,21,8,18,699
521370,2024,6,17,19,12,14,68
521375,2024,14,20,21,7,8,56
521385,2024,10,19,23,10,14,40
521400,2024,10,19,21,10,12,33
521405,2024,4,8,12,5,9,30
521440,2024,6,11,17,6,12,64
521450,2024,14,19,23,6,10,52
521460,2024,5,17,20,13,16,119
521480,2024,8,11,18,4,11,74
521483,2024,8,12,15,5,8,46
521486,2024,8,12,20,5,13,49
521490,2024,10,21,23,12,14,13
521523,2023,11,17,21,7,11,110
521523,2024,1,8,18,8,18,1054
521525,2024,8,14,16,7,9,9
521530,2024,2,12,20,11,19,107
521540,2023,7,17,17,11,11,18
521550,2024,3,5,12,3,10,34
521560,2024,1,6,15,6,15,264
521565,2024,9,15,23,7,15,39
521570,2024,8,17,23,10,16,117
521590,2024,13,19,22,7,10,20
521640,2024,8,11,18,4,11,40
521645,2024,3,10,14,8,12,44
521680,2024,14,17,20,4,7,76
521710,2024,12,20,21,9,10,22
521730,2024,4,15,17,12,14,147
521740,2024,8,17,23,10,16,140
521760,2024,3,11,19,9,17,526
521805,2023,11,15,16,5,6,14
521805,2024,9,16,20,8,12,44
521830,2024,12,15,20,4,9,194
521860,2024,3,11,17,9,15,51
521878,2024,9,15,21,7,13,30
521880,2024,9,19,24,11,16,1155
521890,2024,8,17,21,10,14,90
521900,2024,2,5,13,4,12,95
521900,2024,15,20,20,6,6,45
521910,2024,15,17,23,3,9,60
521935,2024,3,8,10,6,8,60
521950,2024,14,19,23,6,10,14
521960,2024,8,8,13,1,6,8
521971,2024,9,15,18,7,10,46
521973,2024,8,14,20,7,13,49
521975,2024,3,6,19,4,17,275
521980,2024,3,8,13,6,11,495
521990,2024,8,14,14,7,7,15
522000,2024,11,15,23,5,13,52
522005,2024,6,14,15,9,10,22
522010,2024,6,18,21,13,16,250
522015,2024,5,17,20,13,16,23
522020,2023,15,21,22,7,8,23
522020,2024,2,5,12,4,11,51
522028,2023,6,9,11,4,6,13
522045,2024,6,11,11,6,6,95
522060,2024,9,17,22,9,14,123
522068,2024,6,11,13,6,8,9
522070,2024,4,7,11,4,8,30
522100,2024,15,17,21,3,7,14
522108,2024,3,11,20,9,18,34
522119,2024,5,16,17,12,13,24
522130,2024,6,11,15,6,10,27
522140,2024,4,17,21,14,18,440
522160,2024,1,6,13,6,13,154
522180,2024,15,17,20,3,6,32
522185,2024,1,10,17,10,17,914
522200,2024,6,17,21,12,16,136
522205,2024,8,9,13,2,6,26
522205,2024,15,19,20,5,6,17
522230,2024,3,8,11,6,9,30
530010,2023,49,52,52,4,4,3294
530010,2024,1,8,17,8,17,21376
